,constructor,race,price,year,race_name,start_date,location,country_code,meeting_key,month,start_epoch
0,RED,1,27.2,2023,Bahrain Grand Prix,2023-03-05 15:00:00+00:00,Sakhir,BRN,1141,3,1678028400
1,MER,1,25.1,2023,Bahrain Grand Prix,2023-03-05 15:00:00+00:00,Sakhir,BRN,1141,3,1678028400
2,FER,1,22.1,2023,Bahrain Grand Prix,2023-03-05 15:00:00+00:00,Sakhir,BRN,1141,3,1678028400
3,MCL,1,9.1,2023,Bahrain Grand Prix,2023-03-05 15:00:00+00:00,Sakhir,BRN,1141,3,1678028400
4,ALP,1,10.1,2023,Bahrain Grand Prix,2023-03-05 15:00:00+00:00,Sakhir,BRN,1141,3,1678028400
5,AST,1,6.7,2023,Bahrain Grand Prix,2023-03-05 15:00:00+00:00,Sakhir,BRN,1141,3,1678028400
6,ALT,1,6.4,2023,Bahrain Grand Prix,2023-03-05 15:00:00+00:00,Sakhir,BRN,1141,3,1678028400
7,ALF,1,6.2,2023,Bahrain Grand Prix,2023-03-05 15:00:00+00:00,Sakhir,BRN,1141,3,1678028400
8,WIL,1,5.1,2023,Bahrain Grand Prix,2023-03-05 15:00:00+00:00,Sakhir,BRN,1141,3,1678028400
9,HAA,1,5.3,2023,Bahrain Grand Prix,2023-03-05 15:00:00+00:00,Sakhir,BRN,1141,3,1678028400
10,RED,2,27.3,2023,Saudi Arabian Grand Prix,2023-03-19 17:00:00+00:00,Jeddah,KSA,1142,3,1679245200
11,MER,2,25.1,2023,Saudi Arabian Grand Prix,2023-03-19 17:00:00+00:00,Jeddah,KSA,1142,3,1679245200
12,FER,2,22.1,2023,Saudi Arabian Grand Prix,2023-03-19 17:00:00+00:00,Jeddah,KSA,1142,3,1679245200
13,MCL,2,9.0,2023,Saudi Arabian Grand Prix,2023-03-19 17:00:00+00:00,Jeddah,KSA,1142,3,1679245200
14,ALP,2,10.0,2023,Saudi Arabian Grand Prix,2023-03-19 17:00:00+00:00,Jeddah,KSA,1142,3,1679245200
15,AST,2,6.8,2023,Saudi Arabian Grand Prix,2023-03-19 17:00:00+00:00,Jeddah,KSA,1142,3,1679245200
16,ALT,2,6.3,2023,Saudi Arabian Grand Prix,2023-03-19 17:00:00+00:00,Jeddah,KSA,1142,3,1679245200
17,ALF,2,6.2,2023,Saudi Arabian Grand Prix,2023-03-19 17:00:00+00:00,Jeddah,KSA,1142,3,1679245200
18,WIL,2,5.1,2023,Saudi Arabian Grand Prix,2023-03-19 17:00:00+00:00,Jeddah,KSA,1142,3,1679245200
19,HAA,2,5.3,2023,Saudi Arabian Grand Prix,2023-03-19 17:00:00+00:00,Jeddah,KSA,1142,3,1679245200
20,RED,3,27.4,2023,Australian Grand Prix,2023-04-02 05:00:00+00:00,Melbourne,AUS,1143,4,1680411600
21,MER,3,25.1,2023,Australian Grand Prix,2023-04-02 05:00:00+00:00,Melbourne,AUS,1143,4,1680411600
22,FER,3,22.2,2023,Australian Grand Prix,2023-04-02 05:00:00+00:00,Melbourne,AUS,1143,4,1680411600
23,MCL,3,9.0,2023,Australian Grand Prix,2023-04-02 05:00:00+00:00,Melbourne,AUS,1143,4,1680411600
24,ALP,3,10.0,2023,Australian Grand Prix,2023-04-02 05:00:00+00:00,Melbourne,AUS,1143,4,1680411600
25,AST,3,6.8,2023,Australian Grand Prix,2023-04-02 05:00:00+00:00,Melbourne,AUS,1143,4,1680411600
26,ALT,3,6.3,2023,Australian Grand Prix,2023-04-02 05:00:00+00:00,Melbourne,AUS,1143,4,1680411600
27,ALF,3,6.1,2023,Australian Grand Prix,2023-04-02 05:00:00+00:00,Melbourne,AUS,1143,4,1680411600
28,WIL,3,5.0,2023,Australian Grand Prix,2023-04-02 05:00:00+00:00,Melbourne,AUS,1143,4,1680411600
29,HAA,3,5.2,2023,Australian Grand Prix,2023-04-02 05:00:00+00:00,Melbourne,AUS,1143,4,1680411600
30,RED,4,27.5,2023,Azerbaijan Grand Prix,2023-04-30 11:00:00+00:00,Baku,AZE,1207,4,1682852400
31,MER,4,25.1,2023,Azerbaijan Grand Prix,2023-04-30 11:00:00+00:00,Baku,AZE,1207,4,1682852400
32,FER,4,22.1,2023,Azerbaijan Grand Prix,2023-04-30 11:00:00+00:00,Baku,AZE,1207,4,1682852400
33,MCL,4,9.0,2023,Azerbaijan Grand Prix,2023-04-30 11:00:00+00:00,Baku,AZE,1207,4,1682852400
34,ALP,4,9.9,2023,Azerbaijan Grand Prix,2023-04-30 11:00:00+00:00,Baku,AZE,1207,4,1682852400
35,AST,4,6.9,2023,Azerbaijan Grand Prix,2023-04-30 11:00:00+00:00,Baku,AZE,1207,4,1682852400
36,ALT,4,6.2,2023,Azerbaijan Grand Prix,2023-04-30 11:00:00+00:00,Baku,AZE,1207,4,1682852400
37,ALF,4,6.1,2023,Azerbaijan Grand Prix,2023-04-30 11:00:00+00:00,Baku,AZE,1207,4,1682852400
38,WIL,4,4.9,2023,Azerbaijan Grand Prix,2023-04-30 11:00:00+00:00,Baku,AZE,1207,4,1682852400
39,HAA,4,5.2,2023,Azerbaijan Grand Prix,2023-04-30 11:00:00+00:00,Baku,AZE,1207,4,1682852400
40,RED,5,27.6,2023,Miami Grand Prix,2023-05-07 19:30:00+00:00,Miami,USA,1208,5,1683487800
41,MER,5,25.1,2023,Miami Grand Prix,2023-05-07 19:30:00+00:00,Miami,USA,1208,5,1683487800
42,FER,5,22.2,2023,Miami Grand Prix,2023-05-07 19:30:00+00:00,Miami,USA,1208,5,1683487800
43,MCL,5,9.0,2023,Miami Grand Prix,2023-05-07 19:30:00+00:00,Miami,USA,1208,5,1683487800
44,ALP,5,9.9,2023,Miami Grand Prix,2023-05-07 19:30:00+00:00,Miami,USA,1208,5,1683487800
45,AST,5,7.0,2023,Miami Grand Prix,2023-05-07 19:30:00+00:00,Miami,USA,1208,5,1683487800
46,ALT,5,6.1,2023,Miami Grand Prix,2023-05-07 19:30:00+00:00,Miami,USA,1208,5,1683487800
47,ALF,5,6.0,2023,Miami Grand Prix,2023-05-07 19:30:00+00:00,Miami,USA,1208,5,1683487800
48,WIL,5,4.8,2023,Miami Grand Prix,2023-05-07 19:30:00+00:00,Miami,USA,1208,5,1683487800
49,HAA,5,5.2,2023,Miami Grand Prix,2023-05-07 19:30:00+00:00,Miami,USA,1208,5,1683487800
50,RED,7,27.7,2023,Monaco Grand Prix,2023-05-28 13:00:00+00:00,Monaco,MON,1210,5,1685278800
51,MER,7,25.1,2023,Monaco Grand Prix,2023-05-28 13:00:00+00:00,Monaco,MON,1210,5,1685278800
52,FER,7,22.2,2023,Monaco Grand Prix,2023-05-28 13:00:00+00:00,Monaco,MON,1210,5,1685278800
53,MCL,7,8.9,2023,Monaco Grand Prix,2023-05-28 13:00:00+00:00,Monaco,MON,1210,5,1685278800
54,ALP,7,9.9,2023,Monaco Grand Prix,2023-05-28 13:00:00+00:00,Monaco,MON,1210,5,1685278800
55,AST,7,7.0,2023,Monaco Grand Prix,2023-05-28 13:00:00+00:00,Monaco,MON,1210,5,1685278800
56,ALT,7,6.1,2023,Monaco Grand Prix,2023-05-28 13:00:00+00:00,Monaco,MON,1210,5,1685278800
57,ALF,7,5.9,2023,Monaco Grand Prix,2023-05-28 13:00:00+00:00,Monaco,MON,1210,5,1685278800
58,WIL,7,4.7,2023,Monaco Grand Prix,2023-05-28 13:00:00+00:00,Monaco,MON,1210,5,1685278800
59,HAA,7,5.1,2023,Monaco Grand Prix,2023-05-28 13:00:00+00:00,Monaco,MON,1210,5,1685278800
60,RED,8,27.8,2023,Spanish Grand Prix,2023-06-04 13:00:00+00:00,Barcelona,ESP,1211,6,1685883600
61,MER,8,25.2,2023,Spanish Grand Prix,2023-06-04 13:00:00+00:00,Barcelona,ESP,1211,6,1685883600
62,FER,8,22.2,2023,Spanish Grand Prix,2023-06-04 13:00:00+00:00,Barcelona,ESP,1211,6,1685883600
63,MCL,8,8.9,2023,Spanish Grand Prix,2023-06-04 13:00:00+00:00,Barcelona,ESP,1211,6,1685883600
64,ALP,8,10.0,2023,Spanish Grand Prix,2023-06-04 13:00:00+00:00,Barcelona,ESP,1211,6,1685883600
65,AST,8,7.0,2023,Spanish Grand Prix,2023-06-04 13:00:00+00:00,Barcelona,ESP,1211,6,1685883600
66,ALT,8,6.0,2023,Spanish Grand Prix,2023-06-04 13:00:00+00:00,Barcelona,ESP,1211,6,1685883600
67,ALF,8,5.9,2023,Spanish Grand Prix,2023-06-04 13:00:00+00:00,Barcelona,ESP,1211,6,1685883600
68,WIL,8,4.6,2023,Spanish Grand Prix,2023-06-04 13:00:00+00:00,Barcelona,ESP,1211,6,1685883600
69,HAA,8,5.0,2023,Spanish Grand Prix,2023-06-04 13:00:00+00:00,Barcelona,ESP,1211,6,1685883600
70,RED,9,27.9,2023,Canadian Grand Prix,2023-06-18 18:00:00+00:00,Montréal,CAN,1212,6,1687111200
71,MER,9,25.2,2023,Canadian Grand Prix,2023-06-18 18:00:00+00:00,Montréal,CAN,1212,6,1687111200
72,FER,9,22.2,2023,Canadian Grand Prix,2023-06-18 18:00:00+00:00,Montréal,CAN,1212,6,1687111200
73,MCL,9,8.8,2023,Canadian Grand Prix,2023-06-18 18:00:00+00:00,Montréal,CAN,1212,6,1687111200
74,ALP,9,10.0,2023,Canadian Grand Prix,2023-06-18 18:00:00+00:00,Montréal,CAN,1212,6,1687111200
75,AST,9,7.0,2023,Canadian Grand Prix,2023-06-18 18:00:00+00:00,Montréal,CAN,1212,6,1687111200
76,ALT,9,6.0,2023,Canadian Grand Prix,2023-06-18 18:00:00+00:00,Montréal,CAN,1212,6,1687111200
77,ALF,9,5.9,2023,Canadian Grand Prix,2023-06-18 18:00:00+00:00,Montréal,CAN,1212,6,1687111200
78,WIL,9,4.5,2023,Canadian Grand Prix,2023-06-18 18:00:00+00:00,Montréal,CAN,1212,6,1687111200
79,HAA,9,5.0,2023,Canadian Grand Prix,2023-06-18 18:00:00+00:00,Montréal,CAN,1212,6,1687111200
80,RED,10,28.1,2023,Austrian Grand Prix,2023-07-02 13:00:00+00:00,Spielberg,AUT,1213,7,1688302800
81,MER,10,25.2,2023,Austrian Grand Prix,2023-07-02 13:00:00+00:00,Spielberg,AUT,1213,7,1688302800
82,FER,10,22.5,2023,Austrian Grand Prix,2023-07-02 13:00:00+00:00,Spielberg,AUT,1213,7,1688302800
83,MCL,10,9.3,2023,Austrian Grand Prix,2023-07-02 13:00:00+00:00,Spielberg,AUT,1213,7,1688302800
84,ALP,10,10.5,2023,Austrian Grand Prix,2023-07-02 13:00:00+00:00,Spielberg,AUT,1213,7,1688302800
85,AST,10,8.0,2023,Austrian Grand Prix,2023-07-02 13:00:00+00:00,Spielberg,AUT,1213,7,1688302800
86,ALT,10,6.0,2023,Austrian Grand Prix,2023-07-02 13:00:00+00:00,Spielberg,AUT,1213,7,1688302800
87,ALF,10,5.9,2023,Austrian Grand Prix,2023-07-02 13:00:00+00:00,Spielberg,AUT,1213,7,1688302800
88,WIL,10,4.5,2023,Austrian Grand Prix,2023-07-02 13:00:00+00:00,Spielberg,AUT,1213,7,1688302800
89,HAA,10,5.0,2023,Austrian Grand Prix,2023-07-02 13:00:00+00:00,Spielberg,AUT,1213,7,1688302800
90,RED,11,28.2,2023,British Grand Prix,2023-07-09 14:00:00+00:00,Silverstone,GBR,1214,7,1688911200
91,MER,11,25.2,2023,British Grand Prix,2023-07-09 14:00:00+00:00,Silverstone,GBR,1214,7,1688911200
92,FER,11,22.8,2023,British Grand Prix,2023-07-09 14:00:00+00:00,Silverstone,GBR,1214,7,1688911200
93,MCL,11,9.8,2023,British Grand Prix,2023-07-09 14:00:00+00:00,Silverstone,GBR,1214,7,1688911200
94,ALP,11,10.5,2023,British Grand Prix,2023-07-09 14:00:00+00:00,Silverstone,GBR,1214,7,1688911200
95,AST,11,8.5,2023,British Grand Prix,2023-07-09 14:00:00+00:00,Silverstone,GBR,1214,7,1688911200
96,ALT,11,6.0,2023,British Grand Prix,2023-07-09 14:00:00+00:00,Silverstone,GBR,1214,7,1688911200
97,ALF,11,5.9,2023,British Grand Prix,2023-07-09 14:00:00+00:00,Silverstone,GBR,1214,7,1688911200
98,WIL,11,5.0,2023,British Grand Prix,2023-07-09 14:00:00+00:00,Silverstone,GBR,1214,7,1688911200
99,HAA,11,5.0,2023,British Grand Prix,2023-07-09 14:00:00+00:00,Silverstone,GBR,1214,7,1688911200
100,RED,12,28.4,2023,Hungarian Grand Prix,2023-07-23 13:00:00+00:00,Budapest,HUN,1215,7,1690117200
101,MER,12,25.3,2023,Hungarian Grand Prix,2023-07-23 13:00:00+00:00,Budapest,HUN,1215,7,1690117200
102,FER,12,22.9,2023,Hungarian Grand Prix,2023-07-23 13:00:00+00:00,Budapest,HUN,1215,7,1690117200
103,MCL,12,10.8,2023,Hungarian Grand Prix,2023-07-23 13:00:00+00:00,Budapest,HUN,1215,7,1690117200
104,ALP,12,10.4,2023,Hungarian Grand Prix,2023-07-23 13:00:00+00:00,Budapest,HUN,1215,7,1690117200
105,AST,12,9.0,2023,Hungarian Grand Prix,2023-07-23 13:00:00+00:00,Budapest,HUN,1215,7,1690117200
106,ALT,12,6.0,2023,Hungarian Grand Prix,2023-07-23 13:00:00+00:00,Budapest,HUN,1215,7,1690117200
107,ALF,12,5.9,2023,Hungarian Grand Prix,2023-07-23 13:00:00+00:00,Budapest,HUN,1215,7,1690117200
108,WIL,12,5.5,2023,Hungarian Grand Prix,2023-07-23 13:00:00+00:00,Budapest,HUN,1215,7,1690117200
109,HAA,12,4.9,2023,Hungarian Grand Prix,2023-07-23 13:00:00+00:00,Budapest,HUN,1215,7,1690117200
110,RED,13,28.6,2023,Belgian Grand Prix,2023-07-30 13:00:00+00:00,Spa-Francorchamps,BEL,1216,7,1690722000
111,MER,13,25.4,2023,Belgian Grand Prix,2023-07-30 13:00:00+00:00,Spa-Francorchamps,BEL,1216,7,1690722000
112,FER,13,23.0,2023,Belgian Grand Prix,2023-07-30 13:00:00+00:00,Spa-Francorchamps,BEL,1216,7,1690722000
113,MCL,13,11.8,2023,Belgian Grand Prix,2023-07-30 13:00:00+00:00,Spa-Francorchamps,BEL,1216,7,1690722000
114,ALP,13,10.3,2023,Belgian Grand Prix,2023-07-30 13:00:00+00:00,Spa-Francorchamps,BEL,1216,7,1690722000
115,AST,13,9.5,2023,Belgian Grand Prix,2023-07-30 13:00:00+00:00,Spa-Francorchamps,BEL,1216,7,1690722000
116,ALT,13,6.0,2023,Belgian Grand Prix,2023-07-30 13:00:00+00:00,Spa-Francorchamps,BEL,1216,7,1690722000
117,ALF,13,5.9,2023,Belgian Grand Prix,2023-07-30 13:00:00+00:00,Spa-Francorchamps,BEL,1216,7,1690722000
118,WIL,13,5.5,2023,Belgian Grand Prix,2023-07-30 13:00:00+00:00,Spa-Francorchamps,BEL,1216,7,1690722000
119,HAA,13,4.9,2023,Belgian Grand Prix,2023-07-30 13:00:00+00:00,Spa-Francorchamps,BEL,1216,7,1690722000
120,RED,14,28.7,2023,Dutch Grand Prix,2023-08-27 13:00:00+00:00,Zandvoort,NED,1217,8,1693141200
121,MER,14,25.5,2023,Dutch Grand Prix,2023-08-27 13:00:00+00:00,Zandvoort,NED,1217,8,1693141200
122,FER,14,23.1,2023,Dutch Grand Prix,2023-08-27 13:00:00+00:00,Zandvoort,NED,1217,8,1693141200
123,MCL,14,11.8,2023,Dutch Grand Prix,2023-08-27 13:00:00+00:00,Zandvoort,NED,1217,8,1693141200
124,ALP,14,10.8,2023,Dutch Grand Prix,2023-08-27 13:00:00+00:00,Zandvoort,NED,1217,8,1693141200
125,AST,14,10.0,2023,Dutch Grand Prix,2023-08-27 13:00:00+00:00,Zandvoort,NED,1217,8,1693141200
126,ALT,14,6.0,2023,Dutch Grand Prix,2023-08-27 13:00:00+00:00,Zandvoort,NED,1217,8,1693141200
127,ALF,14,6.4,2023,Dutch Grand Prix,2023-08-27 13:00:00+00:00,Zandvoort,NED,1217,8,1693141200
128,WIL,14,6.0,2023,Dutch Grand Prix,2023-08-27 13:00:00+00:00,Zandvoort,NED,1217,8,1693141200
129,HAA,14,5.4,2023,Dutch Grand Prix,2023-08-27 13:00:00+00:00,Zandvoort,NED,1217,8,1693141200
130,RED,15,28.8,2023,Italian Grand Prix,2023-09-03 13:00:00+00:00,Monza,ITA,1218,9,1693746000
131,MER,15,25.5,2023,Italian Grand Prix,2023-09-03 13:00:00+00:00,Monza,ITA,1218,9,1693746000
132,FER,15,23.2,2023,Italian Grand Prix,2023-09-03 13:00:00+00:00,Monza,ITA,1218,9,1693746000
133,MCL,15,12.3,2023,Italian Grand Prix,2023-09-03 13:00:00+00:00,Monza,ITA,1218,9,1693746000
134,ALP,15,11.3,2023,Italian Grand Prix,2023-09-03 13:00:00+00:00,Monza,ITA,1218,9,1693746000
135,AST,15,11.0,2023,Italian Grand Prix,2023-09-03 13:00:00+00:00,Monza,ITA,1218,9,1693746000
136,ALT,15,6.5,2023,Italian Grand Prix,2023-09-03 13:00:00+00:00,Monza,ITA,1218,9,1693746000
137,ALF,15,6.4,2023,Italian Grand Prix,2023-09-03 13:00:00+00:00,Monza,ITA,1218,9,1693746000
138,WIL,15,6.0,2023,Italian Grand Prix,2023-09-03 13:00:00+00:00,Monza,ITA,1218,9,1693746000
139,HAA,15,5.9,2023,Italian Grand Prix,2023-09-03 13:00:00+00:00,Monza,ITA,1218,9,1693746000
140,RED,16,29.0,2023,Singapore Grand Prix,2023-09-17 12:00:00+00:00,Marina Bay,SGP,1219,9,1694952000
141,MER,16,25.6,2023,Singapore Grand Prix,2023-09-17 12:00:00+00:00,Marina Bay,SGP,1219,9,1694952000
142,FER,16,23.5,2023,Singapore Grand Prix,2023-09-17 12:00:00+00:00,Marina Bay,SGP,1219,9,1694952000
143,MCL,16,13.3,2023,Singapore Grand Prix,2023-09-17 12:00:00+00:00,Marina Bay,SGP,1219,9,1694952000
144,ALP,16,11.2,2023,Singapore Grand Prix,2023-09-17 12:00:00+00:00,Marina Bay,SGP,1219,9,1694952000
145,AST,16,11.5,2023,Singapore Grand Prix,2023-09-17 12:00:00+00:00,Marina Bay,SGP,1219,9,1694952000
146,ALT,16,6.4,2023,Singapore Grand Prix,2023-09-17 12:00:00+00:00,Marina Bay,SGP,1219,9,1694952000
147,ALF,16,6.4,2023,Singapore Grand Prix,2023-09-17 12:00:00+00:00,Marina Bay,SGP,1219,9,1694952000
148,WIL,16,6.5,2023,Singapore Grand Prix,2023-09-17 12:00:00+00:00,Marina Bay,SGP,1219,9,1694952000
149,HAA,16,5.9,2023,Singapore Grand Prix,2023-09-17 12:00:00+00:00,Marina Bay,SGP,1219,9,1694952000
150,RED,17,29.1,2023,Japanese Grand Prix,2023-09-24 05:00:00+00:00,Suzuka,JPN,1220,9,1695531600
151,MER,17,25.7,2023,Japanese Grand Prix,2023-09-24 05:00:00+00:00,Suzuka,JPN,1220,9,1695531600
152,FER,17,23.8,2023,Japanese Grand Prix,2023-09-24 05:00:00+00:00,Suzuka,JPN,1220,9,1695531600
153,MCL,17,14.3,2023,Japanese Grand Prix,2023-09-24 05:00:00+00:00,Suzuka,JPN,1220,9,1695531600
154,ALP,17,11.2,2023,Japanese Grand Prix,2023-09-24 05:00:00+00:00,Suzuka,JPN,1220,9,1695531600
155,AST,17,11.5,2023,Japanese Grand Prix,2023-09-24 05:00:00+00:00,Suzuka,JPN,1220,9,1695531600
156,ALT,17,6.3,2023,Japanese Grand Prix,2023-09-24 05:00:00+00:00,Suzuka,JPN,1220,9,1695531600
157,ALF,17,6.3,2023,Japanese Grand Prix,2023-09-24 05:00:00+00:00,Suzuka,JPN,1220,9,1695531600
158,WIL,17,7.0,2023,Japanese Grand Prix,2023-09-24 05:00:00+00:00,Suzuka,JPN,1220,9,1695531600
159,HAA,17,6.4,2023,Japanese Grand Prix,2023-09-24 05:00:00+00:00,Suzuka,JPN,1220,9,1695531600
160,RED,18,29.2,2023,Qatar Grand Prix,2023-10-08 17:00:00+00:00,Lusail,QAT,1221,10,1696784400
161,MER,18,25.8,2023,Qatar Grand Prix,2023-10-08 17:00:00+00:00,Lusail,QAT,1221,10,1696784400
162,FER,18,24.1,2023,Qatar Grand Prix,2023-10-08 17:00:00+00:00,Lusail,QAT,1221,10,1696784400
163,MCL,18,15.3,2023,Qatar Grand Prix,2023-10-08 17:00:00+00:00,Lusail,QAT,1221,10,1696784400
164,ALP,18,11.7,2023,Qatar Grand Prix,2023-10-08 17:00:00+00:00,Lusail,QAT,1221,10,1696784400
165,AST,18,11.5,2023,Qatar Grand Prix,2023-10-08 17:00:00+00:00,Lusail,QAT,1221,10,1696784400
166,ALT,18,6.8,2023,Qatar Grand Prix,2023-10-08 17:00:00+00:00,Lusail,QAT,1221,10,1696784400
167,ALF,18,6.2,2023,Qatar Grand Prix,2023-10-08 17:00:00+00:00,Lusail,QAT,1221,10,1696784400
168,WIL,18,6.9,2023,Qatar Grand Prix,2023-10-08 17:00:00+00:00,Lusail,QAT,1221,10,1696784400
169,HAA,18,6.9,2023,Qatar Grand Prix,2023-10-08 17:00:00+00:00,Lusail,QAT,1221,10,1696784400
170,RED,19,29.3,2023,United States Grand Prix,2023-10-22 19:00:00+00:00,Austin,USA,1222,10,1698001200
171,MER,19,25.9,2023,United States Grand Prix,2023-10-22 19:00:00+00:00,Austin,USA,1222,10,1698001200
172,FER,19,24.2,2023,United States Grand Prix,2023-10-22 19:00:00+00:00,Austin,USA,1222,10,1698001200
173,MCL,19,16.3,2023,United States Grand Prix,2023-10-22 19:00:00+00:00,Austin,USA,1222,10,1698001200
174,ALP,19,12.2,2023,United States Grand Prix,2023-10-22 19:00:00+00:00,Austin,USA,1222,10,1698001200
175,AST,19,12.0,2023,United States Grand Prix,2023-10-22 19:00:00+00:00,Austin,USA,1222,10,1698001200
176,ALT,19,6.7,2023,United States Grand Prix,2023-10-22 19:00:00+00:00,Austin,USA,1222,10,1698001200
177,ALF,19,6.7,2023,United States Grand Prix,2023-10-22 19:00:00+00:00,Austin,USA,1222,10,1698001200
178,WIL,19,6.8,2023,United States Grand Prix,2023-10-22 19:00:00+00:00,Austin,USA,1222,10,1698001200
179,HAA,19,6.9,2023,United States Grand Prix,2023-10-22 19:00:00+00:00,Austin,USA,1222,10,1698001200
180,RED,20,29.4,2023,Mexico City Grand Prix,2023-10-29 20:00:00+00:00,Mexico City,MEX,1223,10,1698609600
181,MER,20,25.9,2023,Mexico City Grand Prix,2023-10-29 20:00:00+00:00,Mexico City,MEX,1223,10,1698609600
182,FER,20,24.3,2023,Mexico City Grand Prix,2023-10-29 20:00:00+00:00,Mexico City,MEX,1223,10,1698609600
183,MCL,20,16.4,2023,Mexico City Grand Prix,2023-10-29 20:00:00+00:00,Mexico City,MEX,1223,10,1698609600
184,ALP,20,12.7,2023,Mexico City Grand Prix,2023-10-29 20:00:00+00:00,Mexico City,MEX,1223,10,1698609600
185,AST,20,12.0,2023,Mexico City Grand Prix,2023-10-29 20:00:00+00:00,Mexico City,MEX,1223,10,1698609600
186,ALT,20,7.2,2023,Mexico City Grand Prix,2023-10-29 20:00:00+00:00,Mexico City,MEX,1223,10,1698609600
187,ALF,20,6.7,2023,Mexico City Grand Prix,2023-10-29 20:00:00+00:00,Mexico City,MEX,1223,10,1698609600
188,WIL,20,7.3,2023,Mexico City Grand Prix,2023-10-29 20:00:00+00:00,Mexico City,MEX,1223,10,1698609600
189,HAA,20,7.4,2023,Mexico City Grand Prix,2023-10-29 20:00:00+00:00,Mexico City,MEX,1223,10,1698609600
190,RED,21,29.4,2023,São Paulo Grand Prix,2023-11-05 17:00:00+00:00,São Paulo,BRA,1224,11,1699203600
191,MER,21,26.0,2023,São Paulo Grand Prix,2023-11-05 17:00:00+00:00,São Paulo,BRA,1224,11,1699203600
192,FER,21,24.6,2023,São Paulo Grand Prix,2023-11-05 17:00:00+00:00,São Paulo,BRA,1224,11,1699203600
193,MCL,21,16.7,2023,São Paulo Grand Prix,2023-11-05 17:00:00+00:00,São Paulo,BRA,1224,11,1699203600
194,ALP,21,13.2,2023,São Paulo Grand Prix,2023-11-05 17:00:00+00:00,São Paulo,BRA,1224,11,1699203600
195,AST,21,11.9,2023,São Paulo Grand Prix,2023-11-05 17:00:00+00:00,São Paulo,BRA,1224,11,1699203600
196,ALT,21,7.7,2023,São Paulo Grand Prix,2023-11-05 17:00:00+00:00,São Paulo,BRA,1224,11,1699203600
197,ALF,21,6.7,2023,São Paulo Grand Prix,2023-11-05 17:00:00+00:00,São Paulo,BRA,1224,11,1699203600
198,WIL,21,7.8,2023,São Paulo Grand Prix,2023-11-05 17:00:00+00:00,São Paulo,BRA,1224,11,1699203600
199,HAA,21,7.3,2023,São Paulo Grand Prix,2023-11-05 17:00:00+00:00,São Paulo,BRA,1224,11,1699203600
200,RED,22,29.6,2023,Las Vegas Grand Prix,2023-11-19 06:00:00+00:00,Las Vegas,USA,1225,11,1700373600
201,MER,22,26.0,2023,Las Vegas Grand Prix,2023-11-19 06:00:00+00:00,Las Vegas,USA,1225,11,1700373600
202,FER,22,24.7,2023,Las Vegas Grand Prix,2023-11-19 06:00:00+00:00,Las Vegas,USA,1225,11,1700373600
203,MCL,22,17.0,2023,Las Vegas Grand Prix,2023-11-19 06:00:00+00:00,Las Vegas,USA,1225,11,1700373600
204,ALP,22,13.7,2023,Las Vegas Grand Prix,2023-11-19 06:00:00+00:00,Las Vegas,USA,1225,11,1700373600
205,AST,22,12.9,2023,Las Vegas Grand Prix,2023-11-19 06:00:00+00:00,Las Vegas,USA,1225,11,1700373600
206,ALT,22,8.2,2023,Las Vegas Grand Prix,2023-11-19 06:00:00+00:00,Las Vegas,USA,1225,11,1700373600
207,ALF,22,6.6,2023,Las Vegas Grand Prix,2023-11-19 06:00:00+00:00,Las Vegas,USA,1225,11,1700373600
208,WIL,22,7.8,2023,Las Vegas Grand Prix,2023-11-19 06:00:00+00:00,Las Vegas,USA,1225,11,1700373600
209,HAA,22,7.2,2023,Las Vegas Grand Prix,2023-11-19 06:00:00+00:00,Las Vegas,USA,1225,11,1700373600
210,RED,23,29.7,2023,Abu Dhabi Grand Prix,2023-11-26 13:00:00+00:00,Yas Island,UAE,1226,11,1701003600
211,MER,23,26.0,2023,Abu Dhabi Grand Prix,2023-11-26 13:00:00+00:00,Yas Island,UAE,1226,11,1701003600
212,FER,23,25.0,2023,Abu Dhabi Grand Prix,2023-11-26 13:00:00+00:00,Yas Island,UAE,1226,11,1701003600
213,MCL,23,17.1,2023,Abu Dhabi Grand Prix,2023-11-26 13:00:00+00:00,Yas Island,UAE,1226,11,1701003600
214,ALP,23,14.2,2023,Abu Dhabi Grand Prix,2023-11-26 13:00:00+00:00,Yas Island,UAE,1226,11,1701003600
215,AST,23,13.4,2023,Abu Dhabi Grand Prix,2023-11-26 13:00:00+00:00,Yas Island,UAE,1226,11,1701003600
216,ALT,23,8.7,2023,Abu Dhabi Grand Prix,2023-11-26 13:00:00+00:00,Yas Island,UAE,1226,11,1701003600
217,ALF,23,6.6,2023,Abu Dhabi Grand Prix,2023-11-26 13:00:00+00:00,Yas Island,UAE,1226,11,1701003600
218,WIL,23,7.8,2023,Abu Dhabi Grand Prix,2023-11-26 13:00:00+00:00,Yas Island,UAE,1226,11,1701003600
219,HAA,23,7.2,2023,Abu Dhabi Grand Prix,2023-11-26 13:00:00+00:00,Yas Island,UAE,1226,11,1701003600
220,RED,1,27.9,2024,Bahrain Grand Prix,2024-03-02 15:00:00+00:00,Sakhir,BRN,1229,3,1709391600
221,MCL,1,23.2,2024,Bahrain Grand Prix,2024-03-02 15:00:00+00:00,Sakhir,BRN,1229,3,1709391600
222,FER,1,19.3,2024,Bahrain Grand Prix,2024-03-02 15:00:00+00:00,Sakhir,BRN,1229,3,1709391600
223,MER,1,20.1,2024,Bahrain Grand Prix,2024-03-02 15:00:00+00:00,Sakhir,BRN,1229,3,1709391600
224,AST,1,13.6,2024,Bahrain Grand Prix,2024-03-02 15:00:00+00:00,Sakhir,BRN,1229,3,1709391600
225,VRB,1,8.5,2024,Bahrain Grand Prix,2024-03-02 15:00:00+00:00,Sakhir,BRN,1229,3,1709391600
226,ALP,1,8.4,2024,Bahrain Grand Prix,2024-03-02 15:00:00+00:00,Sakhir,BRN,1229,3,1709391600
227,HAA,1,6.3,2024,Bahrain Grand Prix,2024-03-02 15:00:00+00:00,Sakhir,BRN,1229,3,1709391600
228,KCK,1,6.6,2024,Bahrain Grand Prix,2024-03-02 15:00:00+00:00,Sakhir,BRN,1229,3,1709391600
229,WIL,1,6.3,2024,Bahrain Grand Prix,2024-03-02 15:00:00+00:00,Sakhir,BRN,1229,3,1709391600
230,RED,2,28.0,2024,Saudi Arabian Grand Prix,2024-03-09 17:00:00+00:00,Jeddah,KSA,1230,3,1710003600
231,MCL,2,23.3,2024,Saudi Arabian Grand Prix,2024-03-09 17:00:00+00:00,Jeddah,KSA,1230,3,1710003600
232,FER,2,19.6,2024,Saudi Arabian Grand Prix,2024-03-09 17:00:00+00:00,Jeddah,KSA,1230,3,1710003600
233,MER,2,20.2,2024,Saudi Arabian Grand Prix,2024-03-09 17:00:00+00:00,Jeddah,KSA,1230,3,1710003600
234,AST,2,14.1,2024,Saudi Arabian Grand Prix,2024-03-09 17:00:00+00:00,Jeddah,KSA,1230,3,1710003600
235,VRB,2,8.4,2024,Saudi Arabian Grand Prix,2024-03-09 17:00:00+00:00,Jeddah,KSA,1230,3,1710003600
236,ALP,2,8.3,2024,Saudi Arabian Grand Prix,2024-03-09 17:00:00+00:00,Jeddah,KSA,1230,3,1710003600
237,HAA,2,6.2,2024,Saudi Arabian Grand Prix,2024-03-09 17:00:00+00:00,Jeddah,KSA,1230,3,1710003600
238,KCK,2,6.5,2024,Saudi Arabian Grand Prix,2024-03-09 17:00:00+00:00,Jeddah,KSA,1230,3,1710003600
239,WIL,2,6.2,2024,Saudi Arabian Grand Prix,2024-03-09 17:00:00+00:00,Jeddah,KSA,1230,3,1710003600
240,RED,3,28.2,2024,Australian Grand Prix,2024-03-24 04:00:00+00:00,Melbourne,AUS,1231,3,1711252800
241,MCL,3,23.6,2024,Australian Grand Prix,2024-03-24 04:00:00+00:00,Melbourne,AUS,1231,3,1711252800
242,FER,3,19.9,2024,Australian Grand Prix,2024-03-24 04:00:00+00:00,Melbourne,AUS,1231,3,1711252800
243,MER,3,20.3,2024,Australian Grand Prix,2024-03-24 04:00:00+00:00,Melbourne,AUS,1231,3,1711252800
244,AST,3,14.0,2024,Australian Grand Prix,2024-03-24 04:00:00+00:00,Melbourne,AUS,1231,3,1711252800
245,VRB,3,8.3,2024,Australian Grand Prix,2024-03-24 04:00:00+00:00,Melbourne,AUS,1231,3,1711252800
246,ALP,3,8.1,2024,Australian Grand Prix,2024-03-24 04:00:00+00:00,Melbourne,AUS,1231,3,1711252800
247,HAA,3,6.7,2024,Australian Grand Prix,2024-03-24 04:00:00+00:00,Melbourne,AUS,1231,3,1711252800
248,KCK,3,6.3,2024,Australian Grand Prix,2024-03-24 04:00:00+00:00,Melbourne,AUS,1231,3,1711252800
249,WIL,3,6.7,2024,Australian Grand Prix,2024-03-24 04:00:00+00:00,Melbourne,AUS,1231,3,1711252800
250,RED,4,28.2,2024,Japanese Grand Prix,2024-04-07 05:00:00+00:00,Suzuka,JPN,1232,4,1712466000
251,MCL,4,23.9,2024,Japanese Grand Prix,2024-04-07 05:00:00+00:00,Suzuka,JPN,1232,4,1712466000
252,FER,4,20.9,2024,Japanese Grand Prix,2024-04-07 05:00:00+00:00,Suzuka,JPN,1232,4,1712466000
253,MER,4,19.8,2024,Japanese Grand Prix,2024-04-07 05:00:00+00:00,Suzuka,JPN,1232,4,1712466000
254,AST,4,14.5,2024,Japanese Grand Prix,2024-04-07 05:00:00+00:00,Suzuka,JPN,1232,4,1712466000
255,VRB,4,8.8,2024,Japanese Grand Prix,2024-04-07 05:00:00+00:00,Suzuka,JPN,1232,4,1712466000
256,ALP,4,8.0,2024,Japanese Grand Prix,2024-04-07 05:00:00+00:00,Suzuka,JPN,1232,4,1712466000
257,HAA,4,7.2,2024,Japanese Grand Prix,2024-04-07 05:00:00+00:00,Suzuka,JPN,1232,4,1712466000
258,KCK,4,6.2,2024,Japanese Grand Prix,2024-04-07 05:00:00+00:00,Suzuka,JPN,1232,4,1712466000
259,WIL,4,6.6,2024,Japanese Grand Prix,2024-04-07 05:00:00+00:00,Suzuka,JPN,1232,4,1712466000
260,RED,5,28.4,2024,Chinese Grand Prix,2024-04-21 07:00:00+00:00,Shanghai,CHN,1233,4,1713682800
261,MCL,5,24.0,2024,Chinese Grand Prix,2024-04-21 07:00:00+00:00,Shanghai,CHN,1233,4,1713682800
262,FER,5,21.2,2024,Chinese Grand Prix,2024-04-21 07:00:00+00:00,Shanghai,CHN,1233,4,1713682800
263,MER,5,19.9,2024,Chinese Grand Prix,2024-04-21 07:00:00+00:00,Shanghai,CHN,1233,4,1713682800
264,AST,5,15.0,2024,Chinese Grand Prix,2024-04-21 07:00:00+00:00,Shanghai,CHN,1233,4,1713682800
265,VRB,5,8.6,2024,Chinese Grand Prix,2024-04-21 07:00:00+00:00,Shanghai,CHN,1233,4,1713682800
266,ALP,5,7.9,2024,Chinese Grand Prix,2024-04-21 07:00:00+00:00,Shanghai,CHN,1233,4,1713682800
267,HAA,5,7.7,2024,Chinese Grand Prix,2024-04-21 07:00:00+00:00,Shanghai,CHN,1233,4,1713682800
268,KCK,5,6.0,2024,Chinese Grand Prix,2024-04-21 07:00:00+00:00,Shanghai,CHN,1233,4,1713682800
269,WIL,5,6.4,2024,Chinese Grand Prix,2024-04-21 07:00:00+00:00,Shanghai,CHN,1233,4,1713682800
270,RED,6,28.6,2024,Miami Grand Prix,2024-05-05 20:00:00+00:00,Miami,USA,1234,5,1714939200
271,MCL,6,24.1,2024,Miami Grand Prix,2024-05-05 20:00:00+00:00,Miami,USA,1234,5,1714939200
272,FER,6,21.5,2024,Miami Grand Prix,2024-05-05 20:00:00+00:00,Miami,USA,1234,5,1714939200
273,MER,6,20.2,2024,Miami Grand Prix,2024-05-05 20:00:00+00:00,Miami,USA,1234,5,1714939200
274,AST,6,15.1,2024,Miami Grand Prix,2024-05-05 20:00:00+00:00,Miami,USA,1234,5,1714939200
275,VRB,6,8.4,2024,Miami Grand Prix,2024-05-05 20:00:00+00:00,Miami,USA,1234,5,1714939200
276,ALP,6,8.4,2024,Miami Grand Prix,2024-05-05 20:00:00+00:00,Miami,USA,1234,5,1714939200
277,HAA,6,8.2,2024,Miami Grand Prix,2024-05-05 20:00:00+00:00,Miami,USA,1234,5,1714939200
278,KCK,6,5.9,2024,Miami Grand Prix,2024-05-05 20:00:00+00:00,Miami,USA,1234,5,1714939200
279,WIL,6,6.3,2024,Miami Grand Prix,2024-05-05 20:00:00+00:00,Miami,USA,1234,5,1714939200
280,RED,7,28.7,2024,Emilia Romagna Grand Prix,2024-05-19 13:00:00+00:00,Imola,ITA,1235,5,1716123600
281,MCL,7,24.2,2024,Emilia Romagna Grand Prix,2024-05-19 13:00:00+00:00,Imola,ITA,1235,5,1716123600
282,FER,7,21.8,2024,Emilia Romagna Grand Prix,2024-05-19 13:00:00+00:00,Imola,ITA,1235,5,1716123600
283,MER,7,20.3,2024,Emilia Romagna Grand Prix,2024-05-19 13:00:00+00:00,Imola,ITA,1235,5,1716123600
284,AST,7,14.6,2024,Emilia Romagna Grand Prix,2024-05-19 13:00:00+00:00,Imola,ITA,1235,5,1716123600
285,VRB,7,8.9,2024,Emilia Romagna Grand Prix,2024-05-19 13:00:00+00:00,Imola,ITA,1235,5,1716123600
286,ALP,7,8.9,2024,Emilia Romagna Grand Prix,2024-05-19 13:00:00+00:00,Imola,ITA,1235,5,1716123600
287,HAA,7,8.7,2024,Emilia Romagna Grand Prix,2024-05-19 13:00:00+00:00,Imola,ITA,1235,5,1716123600
288,KCK,7,6.4,2024,Emilia Romagna Grand Prix,2024-05-19 13:00:00+00:00,Imola,ITA,1235,5,1716123600
289,WIL,7,6.2,2024,Emilia Romagna Grand Prix,2024-05-19 13:00:00+00:00,Imola,ITA,1235,5,1716123600
290,RED,8,28.8,2024,Monaco Grand Prix,2024-05-26 13:00:00+00:00,Monaco,MON,1236,5,1716728400
291,MCL,8,24.5,2024,Monaco Grand Prix,2024-05-26 13:00:00+00:00,Monaco,MON,1236,5,1716728400
292,FER,8,22.1,2024,Monaco Grand Prix,2024-05-26 13:00:00+00:00,Monaco,MON,1236,5,1716728400
293,MER,8,20.6,2024,Monaco Grand Prix,2024-05-26 13:00:00+00:00,Monaco,MON,1236,5,1716728400
294,AST,8,15.1,2024,Monaco Grand Prix,2024-05-26 13:00:00+00:00,Monaco,MON,1236,5,1716728400
295,VRB,8,8.8,2024,Monaco Grand Prix,2024-05-26 13:00:00+00:00,Monaco,MON,1236,5,1716728400
296,ALP,8,8.8,2024,Monaco Grand Prix,2024-05-26 13:00:00+00:00,Monaco,MON,1236,5,1716728400
297,HAA,8,9.2,2024,Monaco Grand Prix,2024-05-26 13:00:00+00:00,Monaco,MON,1236,5,1716728400
298,KCK,8,6.3,2024,Monaco Grand Prix,2024-05-26 13:00:00+00:00,Monaco,MON,1236,5,1716728400
299,WIL,8,6.0,2024,Monaco Grand Prix,2024-05-26 13:00:00+00:00,Monaco,MON,1236,5,1716728400
300,RED,9,28.8,2024,Canadian Grand Prix,2024-06-09 18:00:00+00:00,Montréal,CAN,1237,6,1717956000
301,MCL,9,25.5,2024,Canadian Grand Prix,2024-06-09 18:00:00+00:00,Montréal,CAN,1237,6,1717956000
302,FER,9,23.1,2024,Canadian Grand Prix,2024-06-09 18:00:00+00:00,Montréal,CAN,1237,6,1717956000
303,MER,9,21.6,2024,Canadian Grand Prix,2024-06-09 18:00:00+00:00,Montréal,CAN,1237,6,1717956000
304,AST,9,15.2,2024,Canadian Grand Prix,2024-06-09 18:00:00+00:00,Montréal,CAN,1237,6,1717956000
305,VRB,9,9.3,2024,Canadian Grand Prix,2024-06-09 18:00:00+00:00,Montréal,CAN,1237,6,1717956000
306,ALP,9,8.6,2024,Canadian Grand Prix,2024-06-09 18:00:00+00:00,Montréal,CAN,1237,6,1717956000
307,HAA,9,9.0,2024,Canadian Grand Prix,2024-06-09 18:00:00+00:00,Montréal,CAN,1237,6,1717956000
308,KCK,9,6.8,2024,Canadian Grand Prix,2024-06-09 18:00:00+00:00,Montréal,CAN,1237,6,1717956000
309,WIL,9,6.5,2024,Canadian Grand Prix,2024-06-09 18:00:00+00:00,Montréal,CAN,1237,6,1717956000
310,RED,10,28.8,2024,Spanish Grand Prix,2024-06-23 13:00:00+00:00,Barcelona,ESP,1238,6,1719147600
311,MCL,10,25.6,2024,Spanish Grand Prix,2024-06-23 13:00:00+00:00,Barcelona,ESP,1238,6,1719147600
312,FER,10,22.6,2024,Spanish Grand Prix,2024-06-23 13:00:00+00:00,Barcelona,ESP,1238,6,1719147600
313,MER,10,21.9,2024,Spanish Grand Prix,2024-06-23 13:00:00+00:00,Barcelona,ESP,1238,6,1719147600
314,AST,10,15.5,2024,Spanish Grand Prix,2024-06-23 13:00:00+00:00,Barcelona,ESP,1238,6,1719147600
315,VRB,10,9.8,2024,Spanish Grand Prix,2024-06-23 13:00:00+00:00,Barcelona,ESP,1238,6,1719147600
316,ALP,10,9.1,2024,Spanish Grand Prix,2024-06-23 13:00:00+00:00,Barcelona,ESP,1238,6,1719147600
317,HAA,10,9.5,2024,Spanish Grand Prix,2024-06-23 13:00:00+00:00,Barcelona,ESP,1238,6,1719147600
318,KCK,10,7.3,2024,Spanish Grand Prix,2024-06-23 13:00:00+00:00,Barcelona,ESP,1238,6,1719147600
319,WIL,10,6.3,2024,Spanish Grand Prix,2024-06-23 13:00:00+00:00,Barcelona,ESP,1238,6,1719147600
320,RED,11,28.9,2024,Austrian Grand Prix,2024-06-30 13:00:00+00:00,Spielberg,AUT,1239,6,1719752400
321,MCL,11,25.7,2024,Austrian Grand Prix,2024-06-30 13:00:00+00:00,Spielberg,AUT,1239,6,1719752400
322,FER,11,22.7,2024,Austrian Grand Prix,2024-06-30 13:00:00+00:00,Spielberg,AUT,1239,6,1719752400
323,MER,11,22.2,2024,Austrian Grand Prix,2024-06-30 13:00:00+00:00,Spielberg,AUT,1239,6,1719752400
324,AST,11,15.2,2024,Austrian Grand Prix,2024-06-30 13:00:00+00:00,Spielberg,AUT,1239,6,1719752400
325,VRB,11,9.7,2024,Austrian Grand Prix,2024-06-30 13:00:00+00:00,Spielberg,AUT,1239,6,1719752400
326,ALP,11,9.6,2024,Austrian Grand Prix,2024-06-30 13:00:00+00:00,Spielberg,AUT,1239,6,1719752400
327,HAA,11,9.4,2024,Austrian Grand Prix,2024-06-30 13:00:00+00:00,Spielberg,AUT,1239,6,1719752400
328,KCK,11,7.2,2024,Austrian Grand Prix,2024-06-30 13:00:00+00:00,Spielberg,AUT,1239,6,1719752400
329,WIL,11,6.2,2024,Austrian Grand Prix,2024-06-30 13:00:00+00:00,Spielberg,AUT,1239,6,1719752400
330,RED,12,28.9,2024,British Grand Prix,2024-07-07 14:00:00+00:00,Silverstone,GBR,1240,7,1720360800
331,MCL,12,25.7,2024,British Grand Prix,2024-07-07 14:00:00+00:00,Silverstone,GBR,1240,7,1720360800
332,FER,12,23.0,2024,British Grand Prix,2024-07-07 14:00:00+00:00,Silverstone,GBR,1240,7,1720360800
333,MER,12,22.5,2024,British Grand Prix,2024-07-07 14:00:00+00:00,Silverstone,GBR,1240,7,1720360800
334,AST,12,15.3,2024,British Grand Prix,2024-07-07 14:00:00+00:00,Silverstone,GBR,1240,7,1720360800
335,VRB,12,10.2,2024,British Grand Prix,2024-07-07 14:00:00+00:00,Silverstone,GBR,1240,7,1720360800
336,ALP,12,10.1,2024,British Grand Prix,2024-07-07 14:00:00+00:00,Silverstone,GBR,1240,7,1720360800
337,HAA,12,9.9,2024,British Grand Prix,2024-07-07 14:00:00+00:00,Silverstone,GBR,1240,7,1720360800
338,KCK,12,7.1,2024,British Grand Prix,2024-07-07 14:00:00+00:00,Silverstone,GBR,1240,7,1720360800
339,WIL,12,6.1,2024,British Grand Prix,2024-07-07 14:00:00+00:00,Silverstone,GBR,1240,7,1720360800
340,RED,13,29.0,2024,Hungarian Grand Prix,2024-07-21 13:00:00+00:00,Budapest,HUN,1241,7,1721566800
341,MCL,13,25.8,2024,Hungarian Grand Prix,2024-07-21 13:00:00+00:00,Budapest,HUN,1241,7,1721566800
342,FER,13,23.1,2024,Hungarian Grand Prix,2024-07-21 13:00:00+00:00,Budapest,HUN,1241,7,1721566800
343,MER,13,22.6,2024,Hungarian Grand Prix,2024-07-21 13:00:00+00:00,Budapest,HUN,1241,7,1721566800
344,AST,13,15.4,2024,Hungarian Grand Prix,2024-07-21 13:00:00+00:00,Budapest,HUN,1241,7,1721566800
345,VRB,13,10.7,2024,Hungarian Grand Prix,2024-07-21 13:00:00+00:00,Budapest,HUN,1241,7,1721566800
346,ALP,13,9.9,2024,Hungarian Grand Prix,2024-07-21 13:00:00+00:00,Budapest,HUN,1241,7,1721566800
347,HAA,13,10.4,2024,Hungarian Grand Prix,2024-07-21 13:00:00+00:00,Budapest,HUN,1241,7,1721566800
348,KCK,13,7.0,2024,Hungarian Grand Prix,2024-07-21 13:00:00+00:00,Budapest,HUN,1241,7,1721566800
349,WIL,13,6.6,2024,Hungarian Grand Prix,2024-07-21 13:00:00+00:00,Budapest,HUN,1241,7,1721566800
350,RED,14,29.0,2024,Belgian Grand Prix,2024-07-28 13:00:00+00:00,Spa-Francorchamps,BEL,1242,7,1722171600
351,MCL,14,25.9,2024,Belgian Grand Prix,2024-07-28 13:00:00+00:00,Spa-Francorchamps,BEL,1242,7,1722171600
352,FER,14,23.4,2024,Belgian Grand Prix,2024-07-28 13:00:00+00:00,Spa-Francorchamps,BEL,1242,7,1722171600
353,MER,14,22.9,2024,Belgian Grand Prix,2024-07-28 13:00:00+00:00,Spa-Francorchamps,BEL,1242,7,1722171600
354,AST,14,15.5,2024,Belgian Grand Prix,2024-07-28 13:00:00+00:00,Spa-Francorchamps,BEL,1242,7,1722171600
355,VRB,14,11.2,2024,Belgian Grand Prix,2024-07-28 13:00:00+00:00,Spa-Francorchamps,BEL,1242,7,1722171600
356,ALP,14,9.7,2024,Belgian Grand Prix,2024-07-28 13:00:00+00:00,Spa-Francorchamps,BEL,1242,7,1722171600
357,HAA,14,10.3,2024,Belgian Grand Prix,2024-07-28 13:00:00+00:00,Spa-Francorchamps,BEL,1242,7,1722171600
358,KCK,14,6.9,2024,Belgian Grand Prix,2024-07-28 13:00:00+00:00,Spa-Francorchamps,BEL,1242,7,1722171600
359,WIL,14,6.5,2024,Belgian Grand Prix,2024-07-28 13:00:00+00:00,Spa-Francorchamps,BEL,1242,7,1722171600
360,RED,15,29.1,2024,Dutch Grand Prix,2024-08-25 13:00:00+00:00,Zandvoort,NED,1243,8,1724590800
361,MCL,15,26.0,2024,Dutch Grand Prix,2024-08-25 13:00:00+00:00,Zandvoort,NED,1243,8,1724590800
362,FER,15,23.7,2024,Dutch Grand Prix,2024-08-25 13:00:00+00:00,Zandvoort,NED,1243,8,1724590800
363,MER,15,23.0,2024,Dutch Grand Prix,2024-08-25 13:00:00+00:00,Zandvoort,NED,1243,8,1724590800
364,AST,15,15.6,2024,Dutch Grand Prix,2024-08-25 13:00:00+00:00,Zandvoort,NED,1243,8,1724590800
365,VRB,15,11.7,2024,Dutch Grand Prix,2024-08-25 13:00:00+00:00,Zandvoort,NED,1243,8,1724590800
366,ALP,15,10.2,2024,Dutch Grand Prix,2024-08-25 13:00:00+00:00,Zandvoort,NED,1243,8,1724590800
367,HAA,15,10.2,2024,Dutch Grand Prix,2024-08-25 13:00:00+00:00,Zandvoort,NED,1243,8,1724590800
368,KCK,15,6.7,2024,Dutch Grand Prix,2024-08-25 13:00:00+00:00,Zandvoort,NED,1243,8,1724590800
369,WIL,15,6.4,2024,Dutch Grand Prix,2024-08-25 13:00:00+00:00,Zandvoort,NED,1243,8,1724590800
370,RED,16,29.2,2024,Italian Grand Prix,2024-09-01 13:00:00+00:00,Monza,ITA,1244,9,1725195600
371,MCL,16,26.1,2024,Italian Grand Prix,2024-09-01 13:00:00+00:00,Monza,ITA,1244,9,1725195600
372,FER,16,24.0,2024,Italian Grand Prix,2024-09-01 13:00:00+00:00,Monza,ITA,1244,9,1725195600
373,MER,16,23.1,2024,Italian Grand Prix,2024-09-01 13:00:00+00:00,Monza,ITA,1244,9,1725195600
374,AST,16,15.7,2024,Italian Grand Prix,2024-09-01 13:00:00+00:00,Monza,ITA,1244,9,1725195600
375,VRB,16,12.2,2024,Italian Grand Prix,2024-09-01 13:00:00+00:00,Monza,ITA,1244,9,1725195600
376,ALP,16,10.7,2024,Italian Grand Prix,2024-09-01 13:00:00+00:00,Monza,ITA,1244,9,1725195600
377,HAA,16,10.7,2024,Italian Grand Prix,2024-09-01 13:00:00+00:00,Monza,ITA,1244,9,1725195600
378,KCK,16,6.5,2024,Italian Grand Prix,2024-09-01 13:00:00+00:00,Monza,ITA,1244,9,1725195600
379,WIL,16,6.2,2024,Italian Grand Prix,2024-09-01 13:00:00+00:00,Monza,ITA,1244,9,1725195600
380,RED,17,29.2,2024,Azerbaijan Grand Prix,2024-09-15 11:00:00+00:00,Baku,AZE,1245,9,1726398000
381,MCL,17,26.2,2024,Azerbaijan Grand Prix,2024-09-15 11:00:00+00:00,Baku,AZE,1245,9,1726398000
382,FER,17,24.3,2024,Azerbaijan Grand Prix,2024-09-15 11:00:00+00:00,Baku,AZE,1245,9,1726398000
383,MER,17,23.4,2024,Azerbaijan Grand Prix,2024-09-15 11:00:00+00:00,Baku,AZE,1245,9,1726398000
384,AST,17,15.4,2024,Azerbaijan Grand Prix,2024-09-15 11:00:00+00:00,Baku,AZE,1245,9,1726398000
385,VRB,17,12.0,2024,Azerbaijan Grand Prix,2024-09-15 11:00:00+00:00,Baku,AZE,1245,9,1726398000
386,ALP,17,11.2,2024,Azerbaijan Grand Prix,2024-09-15 11:00:00+00:00,Baku,AZE,1245,9,1726398000
387,HAA,17,10.6,2024,Azerbaijan Grand Prix,2024-09-15 11:00:00+00:00,Baku,AZE,1245,9,1726398000
388,KCK,17,6.4,2024,Azerbaijan Grand Prix,2024-09-15 11:00:00+00:00,Baku,AZE,1245,9,1726398000
389,WIL,17,6.7,2024,Azerbaijan Grand Prix,2024-09-15 11:00:00+00:00,Baku,AZE,1245,9,1726398000
390,RED,18,29.2,2024,Singapore Grand Prix,2024-09-22 12:00:00+00:00,Marina Bay,SGP,1246,9,1727006400
391,MCL,18,26.4,2024,Singapore Grand Prix,2024-09-22 12:00:00+00:00,Marina Bay,SGP,1246,9,1727006400
392,FER,18,24.4,2024,Singapore Grand Prix,2024-09-22 12:00:00+00:00,Marina Bay,SGP,1246,9,1727006400
393,MER,18,23.7,2024,Singapore Grand Prix,2024-09-22 12:00:00+00:00,Marina Bay,SGP,1246,9,1727006400
394,AST,18,15.5,2024,Singapore Grand Prix,2024-09-22 12:00:00+00:00,Marina Bay,SGP,1246,9,1727006400
395,VRB,18,11.8,2024,Singapore Grand Prix,2024-09-22 12:00:00+00:00,Marina Bay,SGP,1246,9,1727006400
396,ALP,18,11.1,2024,Singapore Grand Prix,2024-09-22 12:00:00+00:00,Marina Bay,SGP,1246,9,1727006400
397,HAA,18,11.1,2024,Singapore Grand Prix,2024-09-22 12:00:00+00:00,Marina Bay,SGP,1246,9,1727006400
398,KCK,18,6.9,2024,Singapore Grand Prix,2024-09-22 12:00:00+00:00,Marina Bay,SGP,1246,9,1727006400
399,WIL,18,7.2,2024,Singapore Grand Prix,2024-09-22 12:00:00+00:00,Marina Bay,SGP,1246,9,1727006400
400,RED,19,29.3,2024,United States Grand Prix,2024-10-20 19:00:00+00:00,Austin,USA,1247,10,1729450800
401,MCL,19,26.5,2024,United States Grand Prix,2024-10-20 19:00:00+00:00,Austin,USA,1247,10,1729450800
402,FER,19,24.7,2024,United States Grand Prix,2024-10-20 19:00:00+00:00,Austin,USA,1247,10,1729450800
403,MER,19,24.0,2024,United States Grand Prix,2024-10-20 19:00:00+00:00,Austin,USA,1247,10,1729450800
404,AST,19,15.6,2024,United States Grand Prix,2024-10-20 19:00:00+00:00,Austin,USA,1247,10,1729450800
405,VRB,19,12.3,2024,United States Grand Prix,2024-10-20 19:00:00+00:00,Austin,USA,1247,10,1729450800
406,ALP,19,11.0,2024,United States Grand Prix,2024-10-20 19:00:00+00:00,Austin,USA,1247,10,1729450800
407,HAA,19,11.0,2024,United States Grand Prix,2024-10-20 19:00:00+00:00,Austin,USA,1247,10,1729450800
408,KCK,19,6.8,2024,United States Grand Prix,2024-10-20 19:00:00+00:00,Austin,USA,1247,10,1729450800
409,WIL,19,7.0,2024,United States Grand Prix,2024-10-20 19:00:00+00:00,Austin,USA,1247,10,1729450800
410,RED,20,29.4,2024,Mexico City Grand Prix,2024-10-27 20:00:00+00:00,Mexico City,MEX,1248,10,1730059200
411,MCL,20,26.6,2024,Mexico City Grand Prix,2024-10-27 20:00:00+00:00,Mexico City,MEX,1248,10,1730059200
412,FER,20,25.0,2024,Mexico City Grand Prix,2024-10-27 20:00:00+00:00,Mexico City,MEX,1248,10,1730059200
413,MER,20,24.1,2024,Mexico City Grand Prix,2024-10-27 20:00:00+00:00,Mexico City,MEX,1248,10,1730059200
414,AST,20,15.3,2024,Mexico City Grand Prix,2024-10-27 20:00:00+00:00,Mexico City,MEX,1248,10,1730059200
415,VRB,20,12.8,2024,Mexico City Grand Prix,2024-10-27 20:00:00+00:00,Mexico City,MEX,1248,10,1730059200
416,ALP,20,10.9,2024,Mexico City Grand Prix,2024-10-27 20:00:00+00:00,Mexico City,MEX,1248,10,1730059200
417,HAA,20,11.5,2024,Mexico City Grand Prix,2024-10-27 20:00:00+00:00,Mexico City,MEX,1248,10,1730059200
418,KCK,20,6.7,2024,Mexico City Grand Prix,2024-10-27 20:00:00+00:00,Mexico City,MEX,1248,10,1730059200
419,WIL,20,6.9,2024,Mexico City Grand Prix,2024-10-27 20:00:00+00:00,Mexico City,MEX,1248,10,1730059200
420,RED,21,29.4,2024,São Paulo Grand Prix,2024-11-03 15:30:00+00:00,São Paulo,BRA,1249,11,1730647800
421,MCL,21,26.7,2024,São Paulo Grand Prix,2024-11-03 15:30:00+00:00,São Paulo,BRA,1249,11,1730647800
422,FER,21,25.1,2024,São Paulo Grand Prix,2024-11-03 15:30:00+00:00,São Paulo,BRA,1249,11,1730647800
423,MER,21,24.4,2024,São Paulo Grand Prix,2024-11-03 15:30:00+00:00,São Paulo,BRA,1249,11,1730647800
424,AST,21,14.8,2024,São Paulo Grand Prix,2024-11-03 15:30:00+00:00,São Paulo,BRA,1249,11,1730647800
425,VRB,21,12.6,2024,São Paulo Grand Prix,2024-11-03 15:30:00+00:00,São Paulo,BRA,1249,11,1730647800
426,ALP,21,11.4,2024,São Paulo Grand Prix,2024-11-03 15:30:00+00:00,São Paulo,BRA,1249,11,1730647800
427,HAA,21,12.0,2024,São Paulo Grand Prix,2024-11-03 15:30:00+00:00,São Paulo,BRA,1249,11,1730647800
428,KCK,21,6.6,2024,São Paulo Grand Prix,2024-11-03 15:30:00+00:00,São Paulo,BRA,1249,11,1730647800
429,WIL,21,6.7,2024,São Paulo Grand Prix,2024-11-03 15:30:00+00:00,São Paulo,BRA,1249,11,1730647800
430,RED,22,29.6,2024,Las Vegas Grand Prix,2024-11-24 06:00:00+00:00,Las Vegas,USA,1250,11,1732428000
431,MCL,22,26.8,2024,Las Vegas Grand Prix,2024-11-24 06:00:00+00:00,Las Vegas,USA,1250,11,1732428000
432,FER,22,25.1,2024,Las Vegas Grand Prix,2024-11-24 06:00:00+00:00,Las Vegas,USA,1250,11,1732428000
433,MER,22,24.7,2024,Las Vegas Grand Prix,2024-11-24 06:00:00+00:00,Las Vegas,USA,1250,11,1732428000
434,AST,22,14.6,2024,Las Vegas Grand Prix,2024-11-24 06:00:00+00:00,Las Vegas,USA,1250,11,1732428000
435,VRB,22,13.1,2024,Las Vegas Grand Prix,2024-11-24 06:00:00+00:00,Las Vegas,USA,1250,11,1732428000
436,ALP,22,12.4,2024,Las Vegas Grand Prix,2024-11-24 06:00:00+00:00,Las Vegas,USA,1250,11,1732428000
437,HAA,22,11.8,2024,Las Vegas Grand Prix,2024-11-24 06:00:00+00:00,Las Vegas,USA,1250,11,1732428000
438,KCK,22,7.1,2024,Las Vegas Grand Prix,2024-11-24 06:00:00+00:00,Las Vegas,USA,1250,11,1732428000
439,WIL,22,6.5,2024,Las Vegas Grand Prix,2024-11-24 06:00:00+00:00,Las Vegas,USA,1250,11,1732428000
440,RED,23,29.7,2024,Qatar Grand Prix,2024-12-01 16:00:00+00:00,Lusail,QAT,1251,12,1733068800
441,MCL,23,26.9,2024,Qatar Grand Prix,2024-12-01 16:00:00+00:00,Lusail,QAT,1251,12,1733068800
442,FER,23,25.2,2024,Qatar Grand Prix,2024-12-01 16:00:00+00:00,Lusail,QAT,1251,12,1733068800
443,MER,23,25.0,2024,Qatar Grand Prix,2024-12-01 16:00:00+00:00,Lusail,QAT,1251,12,1733068800
444,AST,23,14.5,2024,Qatar Grand Prix,2024-12-01 16:00:00+00:00,Lusail,QAT,1251,12,1733068800
445,VRB,23,13.0,2024,Qatar Grand Prix,2024-12-01 16:00:00+00:00,Lusail,QAT,1251,12,1733068800
446,ALP,23,12.2,2024,Qatar Grand Prix,2024-12-01 16:00:00+00:00,Lusail,QAT,1251,12,1733068800
447,HAA,23,12.3,2024,Qatar Grand Prix,2024-12-01 16:00:00+00:00,Lusail,QAT,1251,12,1733068800
448,KCK,23,7.0,2024,Qatar Grand Prix,2024-12-01 16:00:00+00:00,Lusail,QAT,1251,12,1733068800
449,WIL,23,6.3,2024,Qatar Grand Prix,2024-12-01 16:00:00+00:00,Lusail,QAT,1251,12,1733068800
450,RED,24,29.7,2024,Abu Dhabi Grand Prix,2024-12-08 13:00:00+00:00,Yas Island,UAE,1252,12,1733662800
451,MCL,24,27.0,2024,Abu Dhabi Grand Prix,2024-12-08 13:00:00+00:00,Yas Island,UAE,1252,12,1733662800
452,FER,24,25.3,2024,Abu Dhabi Grand Prix,2024-12-08 13:00:00+00:00,Yas Island,UAE,1252,12,1733662800
453,MER,24,25.1,2024,Abu Dhabi Grand Prix,2024-12-08 13:00:00+00:00,Yas Island,UAE,1252,12,1733662800
454,AST,24,14.4,2024,Abu Dhabi Grand Prix,2024-12-08 13:00:00+00:00,Yas Island,UAE,1252,12,1733662800
455,VRB,24,12.9,2024,Abu Dhabi Grand Prix,2024-12-08 13:00:00+00:00,Yas Island,UAE,1252,12,1733662800
456,ALP,24,12.1,2024,Abu Dhabi Grand Prix,2024-12-08 13:00:00+00:00,Yas Island,UAE,1252,12,1733662800
457,HAA,24,12.2,2024,Abu Dhabi Grand Prix,2024-12-08 13:00:00+00:00,Yas Island,UAE,1252,12,1733662800
458,KCK,24,7.5,2024,Abu Dhabi Grand Prix,2024-12-08 13:00:00+00:00,Yas Island,UAE,1252,12,1733662800
459,WIL,24,6.1,2024,Abu Dhabi Grand Prix,2024-12-08 13:00:00+00:00,Yas Island,UAE,1252,12,1733662800
460,MCL,1,30.0,2025,Australian Grand Prix,2025-03-16 04:00:00+00:00,Melbourne,AUS,1254,3,1742097600
461,FER,1,27.1,2025,Australian Grand Prix,2025-03-16 04:00:00+00:00,Melbourne,AUS,1254,3,1742097600
462,RED,1,25.2,2025,Australian Grand Prix,2025-03-16 04:00:00+00:00,Melbourne,AUS,1254,3,1742097600
463,MER,1,22.7,2025,Australian Grand Prix,2025-03-16 04:00:00+00:00,Melbourne,AUS,1254,3,1742097600
464,WIL,1,13.1,2025,Australian Grand Prix,2025-03-16 04:00:00+00:00,Melbourne,AUS,1254,3,1742097600
465,VRB,1,8.0,2025,Australian Grand Prix,2025-03-16 04:00:00+00:00,Melbourne,AUS,1254,3,1742097600
466,HAA,1,7.0,2025,Australian Grand Prix,2025-03-16 04:00:00+00:00,Melbourne,AUS,1254,3,1742097600
467,AST,1,8.5,2025,Australian Grand Prix,2025-03-16 04:00:00+00:00,Melbourne,AUS,1254,3,1742097600
468,ALP,1,9.5,2025,Australian Grand Prix,2025-03-16 04:00:00+00:00,Melbourne,AUS,1254,3,1742097600
469,KCK,1,6.2,2025,Australian Grand Prix,2025-03-16 04:00:00+00:00,Melbourne,AUS,1254,3,1742097600
470,MCL,2,30.3,2025,Chinese Grand Prix,2025-03-23 07:00:00+00:00,Shanghai,CHN,1255,3,1742713200
471,FER,2,27.4,2025,Chinese Grand Prix,2025-03-23 07:00:00+00:00,Shanghai,CHN,1255,3,1742713200
472,RED,2,25.1,2025,Chinese Grand Prix,2025-03-23 07:00:00+00:00,Shanghai,CHN,1255,3,1742713200
473,MER,2,23.0,2025,Chinese Grand Prix,2025-03-23 07:00:00+00:00,Shanghai,CHN,1255,3,1742713200
474,WIL,2,12.9,2025,Chinese Grand Prix,2025-03-23 07:00:00+00:00,Shanghai,CHN,1255,3,1742713200
475,VRB,2,7.4,2025,Chinese Grand Prix,2025-03-23 07:00:00+00:00,Shanghai,CHN,1255,3,1742713200
476,HAA,2,7.6,2025,Chinese Grand Prix,2025-03-23 07:00:00+00:00,Shanghai,CHN,1255,3,1742713200
477,AST,2,7.9,2025,Chinese Grand Prix,2025-03-23 07:00:00+00:00,Shanghai,CHN,1255,3,1742713200
478,ALP,2,8.9,2025,Chinese Grand Prix,2025-03-23 07:00:00+00:00,Shanghai,CHN,1255,3,1742713200
479,KCK,2,5.6,2025,Chinese Grand Prix,2025-03-23 07:00:00+00:00,Shanghai,CHN,1255,3,1742713200
480,MCL,3,30.6,2025,Japanese Grand Prix,2025-04-06 05:00:00+00:00,Suzuka,JPN,1256,4,1743915600
481,FER,3,27.1,2025,Japanese Grand Prix,2025-04-06 05:00:00+00:00,Suzuka,JPN,1256,4,1743915600
482,RED,3,25.4,2025,Japanese Grand Prix,2025-04-06 05:00:00+00:00,Suzuka,JPN,1256,4,1743915600
483,MER,3,23.3,2025,Japanese Grand Prix,2025-04-06 05:00:00+00:00,Suzuka,JPN,1256,4,1743915600
484,WIL,3,13.5,2025,Japanese Grand Prix,2025-04-06 05:00:00+00:00,Suzuka,JPN,1256,4,1743915600
485,VRB,3,8.0,2025,Japanese Grand Prix,2025-04-06 05:00:00+00:00,Suzuka,JPN,1256,4,1743915600
486,HAA,3,8.2,2025,Japanese Grand Prix,2025-04-06 05:00:00+00:00,Suzuka,JPN,1256,4,1743915600
487,AST,3,7.3,2025,Japanese Grand Prix,2025-04-06 05:00:00+00:00,Suzuka,JPN,1256,4,1743915600
488,ALP,3,8.3,2025,Japanese Grand Prix,2025-04-06 05:00:00+00:00,Suzuka,JPN,1256,4,1743915600
489,KCK,3,6.2,2025,Japanese Grand Prix,2025-04-06 05:00:00+00:00,Suzuka,JPN,1256,4,1743915600
490,MCL,4,30.9,2025,Bahrain Grand Prix,2025-04-13 15:00:00+00:00,Sakhir,BRN,1257,4,1744556400
491,FER,4,27.0,2025,Bahrain Grand Prix,2025-04-13 15:00:00+00:00,Sakhir,BRN,1257,4,1744556400
492,RED,4,25.7,2025,Bahrain Grand Prix,2025-04-13 15:00:00+00:00,Sakhir,BRN,1257,4,1744556400
493,MER,4,23.6,2025,Bahrain Grand Prix,2025-04-13 15:00:00+00:00,Sakhir,BRN,1257,4,1744556400
494,WIL,4,14.1,2025,Bahrain Grand Prix,2025-04-13 15:00:00+00:00,Sakhir,BRN,1257,4,1744556400
495,VRB,4,8.6,2025,Bahrain Grand Prix,2025-04-13 15:00:00+00:00,Sakhir,BRN,1257,4,1744556400
496,HAA,4,8.8,2025,Bahrain Grand Prix,2025-04-13 15:00:00+00:00,Sakhir,BRN,1257,4,1744556400
497,AST,4,7.1,2025,Bahrain Grand Prix,2025-04-13 15:00:00+00:00,Sakhir,BRN,1257,4,1744556400
498,ALP,4,7.7,2025,Bahrain Grand Prix,2025-04-13 15:00:00+00:00,Sakhir,BRN,1257,4,1744556400
499,KCK,4,6.0,2025,Bahrain Grand Prix,2025-04-13 15:00:00+00:00,Sakhir,BRN,1257,4,1744556400
500,MCL,5,31.2,2025,Saudi Arabian Grand Prix,2025-04-20 17:00:00+00:00,Jeddah,KSA,1258,4,1745168400
501,FER,5,27.3,2025,Saudi Arabian Grand Prix,2025-04-20 17:00:00+00:00,Jeddah,KSA,1258,4,1745168400
502,RED,5,26.0,2025,Saudi Arabian Grand Prix,2025-04-20 17:00:00+00:00,Jeddah,KSA,1258,4,1745168400
503,MER,5,23.9,2025,Saudi Arabian Grand Prix,2025-04-20 17:00:00+00:00,Jeddah,KSA,1258,4,1745168400
504,WIL,5,14.7,2025,Saudi Arabian Grand Prix,2025-04-20 17:00:00+00:00,Jeddah,KSA,1258,4,1745168400
505,VRB,5,9.2,2025,Saudi Arabian Grand Prix,2025-04-20 17:00:00+00:00,Jeddah,KSA,1258,4,1745168400
506,HAA,5,9.4,2025,Saudi Arabian Grand Prix,2025-04-20 17:00:00+00:00,Jeddah,KSA,1258,4,1745168400
507,AST,5,7.7,2025,Saudi Arabian Grand Prix,2025-04-20 17:00:00+00:00,Jeddah,KSA,1258,4,1745168400
508,ALP,5,7.9,2025,Saudi Arabian Grand Prix,2025-04-20 17:00:00+00:00,Jeddah,KSA,1258,4,1745168400
509,KCK,5,5.4,2025,Saudi Arabian Grand Prix,2025-04-20 17:00:00+00:00,Jeddah,KSA,1258,4,1745168400
510,MCL,6,31.5,2025,Miami Grand Prix,2025-05-04 20:00:00+00:00,Miami Gardens,USA,1259,5,1746388800
511,FER,6,27.6,2025,Miami Grand Prix,2025-05-04 20:00:00+00:00,Miami Gardens,USA,1259,5,1746388800
512,RED,6,26.3,2025,Miami Grand Prix,2025-05-04 20:00:00+00:00,Miami Gardens,USA,1259,5,1746388800
513,MER,6,24.2,2025,Miami Grand Prix,2025-05-04 20:00:00+00:00,Miami Gardens,USA,1259,5,1746388800
514,WIL,6,15.3,2025,Miami Grand Prix,2025-05-04 20:00:00+00:00,Miami Gardens,USA,1259,5,1746388800
515,VRB,6,9.8,2025,Miami Grand Prix,2025-05-04 20:00:00+00:00,Miami Gardens,USA,1259,5,1746388800
516,HAA,6,10.0,2025,Miami Grand Prix,2025-05-04 20:00:00+00:00,Miami Gardens,USA,1259,5,1746388800
517,AST,6,8.3,2025,Miami Grand Prix,2025-05-04 20:00:00+00:00,Miami Gardens,USA,1259,5,1746388800
518,ALP,6,8.1,2025,Miami Grand Prix,2025-05-04 20:00:00+00:00,Miami Gardens,USA,1259,5,1746388800
519,KCK,6,4.8,2025,Miami Grand Prix,2025-05-04 20:00:00+00:00,Miami Gardens,USA,1259,5,1746388800
520,MCL,7,31.8,2025,Emilia Romagna Grand Prix,2025-05-18 13:00:00+00:00,Imola,ITA,1260,5,1747573200
521,FER,7,27.9,2025,Emilia Romagna Grand Prix,2025-05-18 13:00:00+00:00,Imola,ITA,1260,5,1747573200
522,RED,7,26.6,2025,Emilia Romagna Grand Prix,2025-05-18 13:00:00+00:00,Imola,ITA,1260,5,1747573200
523,MER,7,24.5,2025,Emilia Romagna Grand Prix,2025-05-18 13:00:00+00:00,Imola,ITA,1260,5,1747573200
524,WIL,7,15.9,2025,Emilia Romagna Grand Prix,2025-05-18 13:00:00+00:00,Imola,ITA,1260,5,1747573200
525,VRB,7,10.0,2025,Emilia Romagna Grand Prix,2025-05-18 13:00:00+00:00,Imola,ITA,1260,5,1747573200
526,HAA,7,10.6,2025,Emilia Romagna Grand Prix,2025-05-18 13:00:00+00:00,Imola,ITA,1260,5,1747573200
527,AST,7,8.9,2025,Emilia Romagna Grand Prix,2025-05-18 13:00:00+00:00,Imola,ITA,1260,5,1747573200
528,ALP,7,8.3,2025,Emilia Romagna Grand Prix,2025-05-18 13:00:00+00:00,Imola,ITA,1260,5,1747573200
529,KCK,7,4.5,2025,Emilia Romagna Grand Prix,2025-05-18 13:00:00+00:00,Imola,ITA,1260,5,1747573200
530,MCL,8,32.1,2025,Monaco Grand Prix,2025-05-25 13:00:00+00:00,Monaco,MON,1261,5,1748178000
531,FER,8,28.2,2025,Monaco Grand Prix,2025-05-25 13:00:00+00:00,Monaco,MON,1261,5,1748178000
532,RED,8,26.9,2025,Monaco Grand Prix,2025-05-25 13:00:00+00:00,Monaco,MON,1261,5,1748178000
533,MER,8,24.8,2025,Monaco Grand Prix,2025-05-25 13:00:00+00:00,Monaco,MON,1261,5,1748178000
534,WIL,8,16.5,2025,Monaco Grand Prix,2025-05-25 13:00:00+00:00,Monaco,MON,1261,5,1748178000
535,VRB,8,10.6,2025,Monaco Grand Prix,2025-05-25 13:00:00+00:00,Monaco,MON,1261,5,1748178000
536,HAA,8,10.0,2025,Monaco Grand Prix,2025-05-25 13:00:00+00:00,Monaco,MON,1261,5,1748178000
537,AST,8,9.5,2025,Monaco Grand Prix,2025-05-25 13:00:00+00:00,Monaco,MON,1261,5,1748178000
538,ALP,8,7.7,2025,Monaco Grand Prix,2025-05-25 13:00:00+00:00,Monaco,MON,1261,5,1748178000
539,KCK,8,5.1,2025,Monaco Grand Prix,2025-05-25 13:00:00+00:00,Monaco,MON,1261,5,1748178000
540,MCL,9,32.4,2025,Spanish Grand Prix,2025-06-01 13:00:00+00:00,Barcelona,ESP,1262,6,1748782800
541,FER,9,28.5,2025,Spanish Grand Prix,2025-06-01 13:00:00+00:00,Barcelona,ESP,1262,6,1748782800
542,RED,9,27.2,2025,Spanish Grand Prix,2025-06-01 13:00:00+00:00,Barcelona,ESP,1262,6,1748782800
543,MER,9,24.7,2025,Spanish Grand Prix,2025-06-01 13:00:00+00:00,Barcelona,ESP,1262,6,1748782800
544,WIL,9,17.1,2025,Spanish Grand Prix,2025-06-01 13:00:00+00:00,Barcelona,ESP,1262,6,1748782800
545,VRB,9,11.2,2025,Spanish Grand Prix,2025-06-01 13:00:00+00:00,Barcelona,ESP,1262,6,1748782800
546,HAA,9,9.8,2025,Spanish Grand Prix,2025-06-01 13:00:00+00:00,Barcelona,ESP,1262,6,1748782800
547,AST,9,9.3,2025,Spanish Grand Prix,2025-06-01 13:00:00+00:00,Barcelona,ESP,1262,6,1748782800
548,ALP,9,7.1,2025,Spanish Grand Prix,2025-06-01 13:00:00+00:00,Barcelona,ESP,1262,6,1748782800
549,KCK,9,5.7,2025,Spanish Grand Prix,2025-06-01 13:00:00+00:00,Barcelona,ESP,1262,6,1748782800
550,MCL,10,32.7,2025,Canadian Grand Prix,2025-06-15 18:00:00+00:00,Montréal,CAN,1263,6,1750010400
551,FER,10,28.8,2025,Canadian Grand Prix,2025-06-15 18:00:00+00:00,Montréal,CAN,1263,6,1750010400
552,RED,10,27.5,2025,Canadian Grand Prix,2025-06-15 18:00:00+00:00,Montréal,CAN,1263,6,1750010400
553,MER,10,24.4,2025,Canadian Grand Prix,2025-06-15 18:00:00+00:00,Montréal,CAN,1263,6,1750010400
554,WIL,10,17.3,2025,Canadian Grand Prix,2025-06-15 18:00:00+00:00,Montréal,CAN,1263,6,1750010400
555,VRB,10,11.8,2025,Canadian Grand Prix,2025-06-15 18:00:00+00:00,Montréal,CAN,1263,6,1750010400
556,HAA,10,9.6,2025,Canadian Grand Prix,2025-06-15 18:00:00+00:00,Montréal,CAN,1263,6,1750010400
557,AST,10,8.7,2025,Canadian Grand Prix,2025-06-15 18:00:00+00:00,Montréal,CAN,1263,6,1750010400
558,ALP,10,7.7,2025,Canadian Grand Prix,2025-06-15 18:00:00+00:00,Montréal,CAN,1263,6,1750010400
559,KCK,10,6.3,2025,Canadian Grand Prix,2025-06-15 18:00:00+00:00,Montréal,CAN,1263,6,1750010400
560,MCL,11,33.0,2025,Austrian Grand Prix,2025-06-29 13:00:00+00:00,Spielberg,AUT,1264,6,1751202000
561,FER,11,29.1,2025,Austrian Grand Prix,2025-06-29 13:00:00+00:00,Spielberg,AUT,1264,6,1751202000
562,RED,11,27.8,2025,Austrian Grand Prix,2025-06-29 13:00:00+00:00,Spielberg,AUT,1264,6,1751202000
563,MER,11,24.7,2025,Austrian Grand Prix,2025-06-29 13:00:00+00:00,Spielberg,AUT,1264,6,1751202000
564,WIL,11,16.7,2025,Austrian Grand Prix,2025-06-29 13:00:00+00:00,Spielberg,AUT,1264,6,1751202000
565,VRB,11,12.4,2025,Austrian Grand Prix,2025-06-29 13:00:00+00:00,Spielberg,AUT,1264,6,1751202000
566,HAA,11,10.2,2025,Austrian Grand Prix,2025-06-29 13:00:00+00:00,Spielberg,AUT,1264,6,1751202000
567,AST,11,8.9,2025,Austrian Grand Prix,2025-06-29 13:00:00+00:00,Spielberg,AUT,1264,6,1751202000
568,ALP,11,8.3,2025,Austrian Grand Prix,2025-06-29 13:00:00+00:00,Spielberg,AUT,1264,6,1751202000
569,KCK,11,6.9,2025,Austrian Grand Prix,2025-06-29 13:00:00+00:00,Spielberg,AUT,1264,6,1751202000
570,MCL,12,33.3,2025,British Grand Prix,2025-07-06 14:00:00+00:00,Silverstone,GBR,1277,7,1751810400
571,FER,12,29.4,2025,British Grand Prix,2025-07-06 14:00:00+00:00,Silverstone,GBR,1277,7,1751810400
572,RED,12,27.9,2025,British Grand Prix,2025-07-06 14:00:00+00:00,Silverstone,GBR,1277,7,1751810400
573,MER,12,25.0,2025,British Grand Prix,2025-07-06 14:00:00+00:00,Silverstone,GBR,1277,7,1751810400
574,WIL,12,16.1,2025,British Grand Prix,2025-07-06 14:00:00+00:00,Silverstone,GBR,1277,7,1751810400
575,VRB,12,13.0,2025,British Grand Prix,2025-07-06 14:00:00+00:00,Silverstone,GBR,1277,7,1751810400
576,HAA,12,10.8,2025,British Grand Prix,2025-07-06 14:00:00+00:00,Silverstone,GBR,1277,7,1751810400
577,AST,12,9.5,2025,British Grand Prix,2025-07-06 14:00:00+00:00,Silverstone,GBR,1277,7,1751810400
578,ALP,12,8.9,2025,British Grand Prix,2025-07-06 14:00:00+00:00,Silverstone,GBR,1277,7,1751810400
579,KCK,12,7.5,2025,British Grand Prix,2025-07-06 14:00:00+00:00,Silverstone,GBR,1277,7,1751810400
580,MCL,13,33.6,2025,Belgian Grand Prix,2025-07-27 13:00:00+00:00,Spa-Francorchamps,BEL,1265,7,1753621200
581,FER,13,29.7,2025,Belgian Grand Prix,2025-07-27 13:00:00+00:00,Spa-Francorchamps,BEL,1265,7,1753621200
582,RED,13,28.0,2025,Belgian Grand Prix,2025-07-27 13:00:00+00:00,Spa-Francorchamps,BEL,1265,7,1753621200
583,MER,13,25.3,2025,Belgian Grand Prix,2025-07-27 13:00:00+00:00,Spa-Francorchamps,BEL,1265,7,1753621200
584,WIL,13,15.5,2025,Belgian Grand Prix,2025-07-27 13:00:00+00:00,Spa-Francorchamps,BEL,1265,7,1753621200
585,VRB,13,12.4,2025,Belgian Grand Prix,2025-07-27 13:00:00+00:00,Spa-Francorchamps,BEL,1265,7,1753621200
586,HAA,13,11.4,2025,Belgian Grand Prix,2025-07-27 13:00:00+00:00,Spa-Francorchamps,BEL,1265,7,1753621200
587,AST,13,10.1,2025,Belgian Grand Prix,2025-07-27 13:00:00+00:00,Spa-Francorchamps,BEL,1265,7,1753621200
588,ALP,13,9.5,2025,Belgian Grand Prix,2025-07-27 13:00:00+00:00,Spa-Francorchamps,BEL,1265,7,1753621200
589,KCK,13,8.1,2025,Belgian Grand Prix,2025-07-27 13:00:00+00:00,Spa-Francorchamps,BEL,1265,7,1753621200
590,MCL,14,33.9,2025,Hungarian Grand Prix,2025-08-03 13:00:00+00:00,Budapest,HUN,1266,8,1754226000
591,FER,14,30.0,2025,Hungarian Grand Prix,2025-08-03 13:00:00+00:00,Budapest,HUN,1266,8,1754226000
592,RED,14,28.1,2025,Hungarian Grand Prix,2025-08-03 13:00:00+00:00,Budapest,HUN,1266,8,1754226000
593,MER,14,25.4,2025,Hungarian Grand Prix,2025-08-03 13:00:00+00:00,Budapest,HUN,1266,8,1754226000
594,WIL,14,14.9,2025,Hungarian Grand Prix,2025-08-03 13:00:00+00:00,Budapest,HUN,1266,8,1754226000
595,VRB,14,11.8,2025,Hungarian Grand Prix,2025-08-03 13:00:00+00:00,Budapest,HUN,1266,8,1754226000
596,HAA,14,12.0,2025,Hungarian Grand Prix,2025-08-03 13:00:00+00:00,Budapest,HUN,1266,8,1754226000
597,AST,14,10.7,2025,Hungarian Grand Prix,2025-08-03 13:00:00+00:00,Budapest,HUN,1266,8,1754226000
598,ALP,14,8.9,2025,Hungarian Grand Prix,2025-08-03 13:00:00+00:00,Budapest,HUN,1266,8,1754226000
599,KCK,14,8.7,2025,Hungarian Grand Prix,2025-08-03 13:00:00+00:00,Budapest,HUN,1266,8,1754226000
600,MCL,15,34.2,2025,Dutch Grand Prix,2025-08-31 13:00:00+00:00,Zandvoort,NED,1267,8,1756645200
601,FER,15,30.3,2025,Dutch Grand Prix,2025-08-31 13:00:00+00:00,Zandvoort,NED,1267,8,1756645200
602,RED,15,28.4,2025,Dutch Grand Prix,2025-08-31 13:00:00+00:00,Zandvoort,NED,1267,8,1756645200
603,MER,15,25.7,2025,Dutch Grand Prix,2025-08-31 13:00:00+00:00,Zandvoort,NED,1267,8,1756645200
604,WIL,15,15.5,2025,Dutch Grand Prix,2025-08-31 13:00:00+00:00,Zandvoort,NED,1267,8,1756645200
605,VRB,15,11.2,2025,Dutch Grand Prix,2025-08-31 13:00:00+00:00,Zandvoort,NED,1267,8,1756645200
606,HAA,15,11.8,2025,Dutch Grand Prix,2025-08-31 13:00:00+00:00,Zandvoort,NED,1267,8,1756645200
607,AST,15,11.3,2025,Dutch Grand Prix,2025-08-31 13:00:00+00:00,Zandvoort,NED,1267,8,1756645200
608,ALP,15,8.3,2025,Dutch Grand Prix,2025-08-31 13:00:00+00:00,Zandvoort,NED,1267,8,1756645200
609,KCK,15,9.3,2025,Dutch Grand Prix,2025-08-31 13:00:00+00:00,Zandvoort,NED,1267,8,1756645200
610,MCL,16,34.5,2025,Italian Grand Prix,2025-09-07 13:00:00+00:00,Monza,ITA,1268,9,1757250000
611,FER,16,30.4,2025,Italian Grand Prix,2025-09-07 13:00:00+00:00,Monza,ITA,1268,9,1757250000
612,RED,16,28.7,2025,Italian Grand Prix,2025-09-07 13:00:00+00:00,Monza,ITA,1268,9,1757250000
613,MER,16,26.0,2025,Italian Grand Prix,2025-09-07 13:00:00+00:00,Monza,ITA,1268,9,1757250000
614,WIL,16,16.1,2025,Italian Grand Prix,2025-09-07 13:00:00+00:00,Monza,ITA,1268,9,1757250000
615,VRB,16,11.8,2025,Italian Grand Prix,2025-09-07 13:00:00+00:00,Monza,ITA,1268,9,1757250000
616,HAA,16,12.4,2025,Italian Grand Prix,2025-09-07 13:00:00+00:00,Monza,ITA,1268,9,1757250000
617,AST,16,11.9,2025,Italian Grand Prix,2025-09-07 13:00:00+00:00,Monza,ITA,1268,9,1757250000
618,ALP,16,7.7,2025,Italian Grand Prix,2025-09-07 13:00:00+00:00,Monza,ITA,1268,9,1757250000
619,KCK,16,9.9,2025,Italian Grand Prix,2025-09-07 13:00:00+00:00,Monza,ITA,1268,9,1757250000
620,MCL,17,34.8,2025,Azerbaijan Grand Prix,2025-09-21 11:00:00+00:00,Baku,AZE,1269,9,1758452400
621,FER,17,30.5,2025,Azerbaijan Grand Prix,2025-09-21 11:00:00+00:00,Baku,AZE,1269,9,1758452400
622,RED,17,29.0,2025,Azerbaijan Grand Prix,2025-09-21 11:00:00+00:00,Baku,AZE,1269,9,1758452400
623,MER,17,26.3,2025,Azerbaijan Grand Prix,2025-09-21 11:00:00+00:00,Baku,AZE,1269,9,1758452400
624,WIL,17,16.7,2025,Azerbaijan Grand Prix,2025-09-21 11:00:00+00:00,Baku,AZE,1269,9,1758452400
625,VRB,17,12.4,2025,Azerbaijan Grand Prix,2025-09-21 11:00:00+00:00,Baku,AZE,1269,9,1758452400
626,HAA,17,12.6,2025,Azerbaijan Grand Prix,2025-09-21 11:00:00+00:00,Baku,AZE,1269,9,1758452400
627,AST,17,12.5,2025,Azerbaijan Grand Prix,2025-09-21 11:00:00+00:00,Baku,AZE,1269,9,1758452400
628,ALP,17,7.9,2025,Azerbaijan Grand Prix,2025-09-21 11:00:00+00:00,Baku,AZE,1269,9,1758452400
629,KCK,17,10.5,2025,Azerbaijan Grand Prix,2025-09-21 11:00:00+00:00,Baku,AZE,1269,9,1758452400
630,MCL,18,35.1,2025,Singapore Grand Prix,2025-10-05 12:00:00+00:00,Marina Bay,SGP,1270,10,1759665600
631,FER,18,30.6,2025,Singapore Grand Prix,2025-10-05 12:00:00+00:00,Marina Bay,SGP,1270,10,1759665600
632,RED,18,29.3,2025,Singapore Grand Prix,2025-10-05 12:00:00+00:00,Marina Bay,SGP,1270,10,1759665600
633,MER,18,26.6,2025,Singapore Grand Prix,2025-10-05 12:00:00+00:00,Marina Bay,SGP,1270,10,1759665600
634,WIL,18,17.3,2025,Singapore Grand Prix,2025-10-05 12:00:00+00:00,Marina Bay,SGP,1270,10,1759665600
635,VRB,18,13.0,2025,Singapore Grand Prix,2025-10-05 12:00:00+00:00,Marina Bay,SGP,1270,10,1759665600
636,HAA,18,13.2,2025,Singapore Grand Prix,2025-10-05 12:00:00+00:00,Marina Bay,SGP,1270,10,1759665600
637,AST,18,12.3,2025,Singapore Grand Prix,2025-10-05 12:00:00+00:00,Marina Bay,SGP,1270,10,1759665600
638,ALP,18,8.1,2025,Singapore Grand Prix,2025-10-05 12:00:00+00:00,Marina Bay,SGP,1270,10,1759665600
639,KCK,18,10.7,2025,Singapore Grand Prix,2025-10-05 12:00:00+00:00,Marina Bay,SGP,1270,10,1759665600
640,MCL,19,35.4,2025,United States Grand Prix,2025-10-19 19:00:00+00:00,Austin,USA,1271,10,1760900400
641,FER,19,30.9,2025,United States Grand Prix,2025-10-19 19:00:00+00:00,Austin,USA,1271,10,1760900400
642,RED,19,29.6,2025,United States Grand Prix,2025-10-19 19:00:00+00:00,Austin,USA,1271,10,1760900400
643,MER,19,26.9,2025,United States Grand Prix,2025-10-19 19:00:00+00:00,Austin,USA,1271,10,1760900400
644,WIL,19,17.9,2025,United States Grand Prix,2025-10-19 19:00:00+00:00,Austin,USA,1271,10,1760900400
645,VRB,19,13.6,2025,United States Grand Prix,2025-10-19 19:00:00+00:00,Austin,USA,1271,10,1760900400
646,HAA,19,13.0,2025,United States Grand Prix,2025-10-19 19:00:00+00:00,Austin,USA,1271,10,1760900400
647,AST,19,12.1,2025,United States Grand Prix,2025-10-19 19:00:00+00:00,Austin,USA,1271,10,1760900400
648,ALP,19,7.9,2025,United States Grand Prix,2025-10-19 19:00:00+00:00,Austin,USA,1271,10,1760900400
649,KCK,19,10.1,2025,United States Grand Prix,2025-10-19 19:00:00+00:00,Austin,USA,1271,10,1760900400
650,MCL,20,35.3,2025,Mexico City Grand Prix,2025-10-26 20:00:00+00:00,Mexico City,MEX,1272,10,1761508800
651,FER,20,31.2,2025,Mexico City Grand Prix,2025-10-26 20:00:00+00:00,Mexico City,MEX,1272,10,1761508800
652,RED,20,29.9,2025,Mexico City Grand Prix,2025-10-26 20:00:00+00:00,Mexico City,MEX,1272,10,1761508800
653,MER,20,27.2,2025,Mexico City Grand Prix,2025-10-26 20:00:00+00:00,Mexico City,MEX,1272,10,1761508800
654,WIL,20,18.5,2025,Mexico City Grand Prix,2025-10-26 20:00:00+00:00,Mexico City,MEX,1272,10,1761508800
655,VRB,20,14.2,2025,Mexico City Grand Prix,2025-10-26 20:00:00+00:00,Mexico City,MEX,1272,10,1761508800
656,HAA,20,13.2,2025,Mexico City Grand Prix,2025-10-26 20:00:00+00:00,Mexico City,MEX,1272,10,1761508800
657,AST,20,11.9,2025,Mexico City Grand Prix,2025-10-26 20:00:00+00:00,Mexico City,MEX,1272,10,1761508800
658,ALP,20,8.5,2025,Mexico City Grand Prix,2025-10-26 20:00:00+00:00,Mexico City,MEX,1272,10,1761508800
659,KCK,20,10.7,2025,Mexico City Grand Prix,2025-10-26 20:00:00+00:00,Mexico City,MEX,1272,10,1761508800
660,MCL,21,35.6,2025,São Paulo Grand Prix,2025-11-09 17:00:00+00:00,São Paulo,BRA,1273,11,1762707600
661,FER,21,31.5,2025,São Paulo Grand Prix,2025-11-09 17:00:00+00:00,São Paulo,BRA,1273,11,1762707600
662,RED,21,30.2,2025,São Paulo Grand Prix,2025-11-09 17:00:00+00:00,São Paulo,BRA,1273,11,1762707600
663,MER,21,27.5,2025,São Paulo Grand Prix,2025-11-09 17:00:00+00:00,São Paulo,BRA,1273,11,1762707600
664,WIL,21,18.6,2025,São Paulo Grand Prix,2025-11-09 17:00:00+00:00,São Paulo,BRA,1273,11,1762707600
665,VRB,21,14.4,2025,São Paulo Grand Prix,2025-11-09 17:00:00+00:00,São Paulo,BRA,1273,11,1762707600
666,HAA,21,13.8,2025,São Paulo Grand Prix,2025-11-09 17:00:00+00:00,São Paulo,BRA,1273,11,1762707600
667,AST,21,11.7,2025,São Paulo Grand Prix,2025-11-09 17:00:00+00:00,São Paulo,BRA,1273,11,1762707600
668,ALP,21,9.1,2025,São Paulo Grand Prix,2025-11-09 17:00:00+00:00,São Paulo,BRA,1273,11,1762707600
669,KCK,21,10.5,2025,São Paulo Grand Prix,2025-11-09 17:00:00+00:00,São Paulo,BRA,1273,11,1762707600
670,MCL,22,35.9,2025,Las Vegas Grand Prix,2025-11-23 04:00:00+00:00,Las Vegas,USA,1274,11,1763870400
671,FER,22,31.8,2025,Las Vegas Grand Prix,2025-11-23 04:00:00+00:00,Las Vegas,USA,1274,11,1763870400
672,RED,22,30.5,2025,Las Vegas Grand Prix,2025-11-23 04:00:00+00:00,Las Vegas,USA,1274,11,1763870400
673,MER,22,27.8,2025,Las Vegas Grand Prix,2025-11-23 04:00:00+00:00,Las Vegas,USA,1274,11,1763870400
674,WIL,22,18.9,2025,Las Vegas Grand Prix,2025-11-23 04:00:00+00:00,Las Vegas,USA,1274,11,1763870400
675,VRB,22,15.0,2025,Las Vegas Grand Prix,2025-11-23 04:00:00+00:00,Las Vegas,USA,1274,11,1763870400
676,HAA,22,14.4,2025,Las Vegas Grand Prix,2025-11-23 04:00:00+00:00,Las Vegas,USA,1274,11,1763870400
677,AST,22,11.1,2025,Las Vegas Grand Prix,2025-11-23 04:00:00+00:00,Las Vegas,USA,1274,11,1763870400
678,ALP,22,9.7,2025,Las Vegas Grand Prix,2025-11-23 04:00:00+00:00,Las Vegas,USA,1274,11,1763870400
679,KCK,22,9.9,2025,Las Vegas Grand Prix,2025-11-23 04:00:00+00:00,Las Vegas,USA,1274,11,1763870400
680,MCL,23,36.0,2025,Qatar Grand Prix,2025-11-30 16:00:00+00:00,Lusail,QAT,1275,11,1764518400
681,FER,23,31.9,2025,Qatar Grand Prix,2025-11-30 16:00:00+00:00,Lusail,QAT,1275,11,1764518400
682,RED,23,30.8,2025,Qatar Grand Prix,2025-11-30 16:00:00+00:00,Lusail,QAT,1275,11,1764518400
683,MER,23,28.1,2025,Qatar Grand Prix,2025-11-30 16:00:00+00:00,Lusail,QAT,1275,11,1764518400
684,WIL,23,19.2,2025,Qatar Grand Prix,2025-11-30 16:00:00+00:00,Lusail,QAT,1275,11,1764518400
685,VRB,23,15.6,2025,Qatar Grand Prix,2025-11-30 16:00:00+00:00,Lusail,QAT,1275,11,1764518400
686,HAA,23,15.0,2025,Qatar Grand Prix,2025-11-30 16:00:00+00:00,Lusail,QAT,1275,11,1764518400
687,AST,23,10.5,2025,Qatar Grand Prix,2025-11-30 16:00:00+00:00,Lusail,QAT,1275,11,1764518400
688,ALP,23,9.9,2025,Qatar Grand Prix,2025-11-30 16:00:00+00:00,Lusail,QAT,1275,11,1764518400
689,KCK,23,9.3,2025,Qatar Grand Prix,2025-11-30 16:00:00+00:00,Lusail,QAT,1275,11,1764518400
690,MCL,24,36.1,2025,Abu Dhabi Grand Prix,2025-12-07 13:00:00+00:00,Yas Island,UAE,1276,12,1765112400
691,FER,24,31.8,2025,Abu Dhabi Grand Prix,2025-12-07 13:00:00+00:00,Yas Island,UAE,1276,12,1765112400
692,RED,24,31.1,2025,Abu Dhabi Grand Prix,2025-12-07 13:00:00+00:00,Yas Island,UAE,1276,12,1765112400
693,MER,24,28.4,2025,Abu Dhabi Grand Prix,2025-12-07 13:00:00+00:00,Yas Island,UAE,1276,12,1765112400
694,WIL,24,19.5,2025,Abu Dhabi Grand Prix,2025-12-07 13:00:00+00:00,Yas Island,UAE,1276,12,1765112400
695,VRB,24,16.2,2025,Abu Dhabi Grand Prix,2025-12-07 13:00:00+00:00,Yas Island,UAE,1276,12,1765112400
696,HAA,24,15.6,2025,Abu Dhabi Grand Prix,2025-12-07 13:00:00+00:00,Yas Island,UAE,1276,12,1765112400
697,AST,24,10.3,2025,Abu Dhabi Grand Prix,2025-12-07 13:00:00+00:00,Yas Island,UAE,1276,12,1765112400
698,ALP,24,10.1,2025,Abu Dhabi Grand Prix,2025-12-07 13:00:00+00:00,Yas Island,UAE,1276,12,1765112400
699,KCK,24,8.7,2025,Abu Dhabi Grand Prix,2025-12-07 13:00:00+00:00,Yas Island,UAE,1276,12,1765112400
700,MER,1,29.3,2026,Australian Grand Prix,2026-03-08 04:00:00+00:00,Melbourne,AUS,1279,3,1772942400
701,MCL,1,28.9,2026,Australian Grand Prix,2026-03-08 04:00:00+00:00,Melbourne,AUS,1279,3,1772942400
702,RBR,1,28.2,2026,Australian Grand Prix,2026-03-08 04:00:00+00:00,Melbourne,AUS,1279,3,1772942400
703,FER,1,23.3,2026,Australian Grand Prix,2026-03-08 04:00:00+00:00,Melbourne,AUS,1279,3,1772942400
704,ALP,1,12.5,2026,Australian Grand Prix,2026-03-08 04:00:00+00:00,Melbourne,AUS,1279,3,1772942400
705,WIL,1,12.0,2026,Australian Grand Prix,2026-03-08 04:00:00+00:00,Melbourne,AUS,1279,3,1772942400
706,AMR,1,10.3,2026,Australian Grand Prix,2026-03-08 04:00:00+00:00,Melbourne,AUS,1279,3,1772942400
707,HAS,1,7.4,2026,Australian Grand Prix,2026-03-08 04:00:00+00:00,Melbourne,AUS,1279,3,1772942400
708,AUD,1,6.6,2026,Australian Grand Prix,2026-03-08 04:00:00+00:00,Melbourne,AUS,1279,3,1772942400
709,RB,1,6.3,2026,Australian Grand Prix,2026-03-08 04:00:00+00:00,Melbourne,AUS,1279,3,1772942400
710,CAD,1,6.0,2026,Australian Grand Prix,2026-03-08 04:00:00+00:00,Melbourne,AUS,1279,3,1772942400
711,MER,2,29.6,2026,Chinese Grand Prix,2026-03-15 07:00:00+00:00,Shanghai,CHN,1280,3,1773558000
712,MCL,2,28.8,2026,Chinese Grand Prix,2026-03-15 07:00:00+00:00,Shanghai,CHN,1280,3,1773558000
713,RBR,2,28.5,2026,Chinese Grand Prix,2026-03-15 07:00:00+00:00,Shanghai,CHN,1280,3,1773558000
714,FER,2,23.6,2026,Chinese Grand Prix,2026-03-15 07:00:00+00:00,Shanghai,CHN,1280,3,1773558000
715,ALP,2,13.1,2026,Chinese Grand Prix,2026-03-15 07:00:00+00:00,Shanghai,CHN,1280,3,1773558000
716,WIL,2,12.6,2026,Chinese Grand Prix,2026-03-15 07:00:00+00:00,Shanghai,CHN,1280,3,1773558000
717,AMR,2,9.7,2026,Chinese Grand Prix,2026-03-15 07:00:00+00:00,Shanghai,CHN,1280,3,1773558000
718,HAS,2,8.0,2026,Chinese Grand Prix,2026-03-15 07:00:00+00:00,Shanghai,CHN,1280,3,1773558000
719,AUD,2,6.0,2026,Chinese Grand Prix,2026-03-15 07:00:00+00:00,Shanghai,CHN,1280,3,1773558000
720,RB,2,6.9,2026,Chinese Grand Prix,2026-03-15 07:00:00+00:00,Shanghai,CHN,1280,3,1773558000
721,CAD,2,5.4,2026,Chinese Grand Prix,2026-03-15 07:00:00+00:00,Shanghai,CHN,1280,3,1773558000
722,MER,3,29.9,2026,Japanese Grand Prix,2026-03-29 05:00:00+00:00,Suzuka,JPN,1281,3,1774760400
723,MCL,3,28.5,2026,Japanese Grand Prix,2026-03-29 05:00:00+00:00,Suzuka,JPN,1281,3,1774760400
724,RBR,3,28.8,2026,Japanese Grand Prix,2026-03-29 05:00:00+00:00,Suzuka,JPN,1281,3,1774760400
725,FER,3,23.9,2026,Japanese Grand Prix,2026-03-29 05:00:00+00:00,Suzuka,JPN,1281,3,1774760400
726,ALP,3,13.7,2026,Japanese Grand Prix,2026-03-29 05:00:00+00:00,Suzuka,JPN,1281,3,1774760400
727,WIL,3,13.2,2026,Japanese Grand Prix,2026-03-29 05:00:00+00:00,Suzuka,JPN,1281,3,1774760400
728,AMR,3,9.1,2026,Japanese Grand Prix,2026-03-29 05:00:00+00:00,Suzuka,JPN,1281,3,1774760400
729,HAS,3,8.6,2026,Japanese Grand Prix,2026-03-29 05:00:00+00:00,Suzuka,JPN,1281,3,1774760400
730,AUD,3,5.4,2026,Japanese Grand Prix,2026-03-29 05:00:00+00:00,Suzuka,JPN,1281,3,1774760400
731,RB,3,7.4,2026,Japanese Grand Prix,2026-03-29 05:00:00+00:00,Suzuka,JPN,1281,3,1774760400
732,CAD,3,5.2,2026,Japanese Grand Prix,2026-03-29 05:00:00+00:00,Suzuka,JPN,1281,3,1774760400
