,date_start,driver,driver_number,position,points,gap_to_leader,meeting_key,session_key
0,2023-03-05T15:00:00+00:00,VER,1,1.0,25.0,0,1141,7953
1,2023-03-05T15:00:00+00:00,PER,11,2.0,18.0,11.987,1141,7953
2,2023-03-05T15:00:00+00:00,ALO,14,3.0,15.0,38.637,1141,7953
3,2023-03-05T15:00:00+00:00,SAI,55,4.0,12.0,48.052,1141,7953
4,2023-03-05T15:00:00+00:00,HAM,44,5.0,10.0,50.977,1141,7953
5,2023-03-05T15:00:00+00:00,STR,18,6.0,8.0,54.502,1141,7953
6,2023-03-05T15:00:00+00:00,RUS,63,7.0,6.0,55.873,1141,7953
7,2023-03-05T15:00:00+00:00,BOT,77,8.0,4.0,72.647,1141,7953
8,2023-03-05T15:00:00+00:00,GAS,10,9.0,2.0,73.753,1141,7953
9,2023-03-05T15:00:00+00:00,ALB,23,10.0,1.0,89.774,1141,7953
10,2023-03-05T15:00:00+00:00,TSU,22,11.0,0.0,90.87,1141,7953
11,2023-03-05T15:00:00+00:00,SAR,2,12.0,0.0,+1 LAP,1141,7953
12,2023-03-05T15:00:00+00:00,MAG,20,13.0,0.0,+1 LAP,1141,7953
13,2023-03-05T15:00:00+00:00,DEV,21,14.0,0.0,+1 LAP,1141,7953
14,2023-03-05T15:00:00+00:00,HUL,27,15.0,0.0,+1 LAP,1141,7953
15,2023-03-05T15:00:00+00:00,ZHO,24,16.0,0.0,+1 LAP,1141,7953
16,2023-03-05T15:00:00+00:00,NOR,4,17.0,0.0,+2 LAPS,1141,7953
17,2023-03-05T15:00:00+00:00,OCO,31,,0.0,,1141,7953
18,2023-03-05T15:00:00+00:00,LEC,16,,0.0,,1141,7953
19,2023-03-05T15:00:00+00:00,PIA,81,,0.0,,1141,7953
20,2023-03-19T17:00:00+00:00,PER,11,1.0,25.0,0,1142,7779
21,2023-03-19T17:00:00+00:00,VER,1,2.0,0.0,5.355,1142,7779
22,2023-03-19T17:00:00+00:00,ALO,14,3.0,15.0,20.728,1142,7779
23,2023-03-19T17:00:00+00:00,RUS,63,4.0,12.0,25.866,1142,7779
24,2023-03-19T17:00:00+00:00,HAM,44,5.0,10.0,31.065,1142,7779
25,2023-03-19T17:00:00+00:00,SAI,55,6.0,8.0,35.876,1142,7779
26,2023-03-19T17:00:00+00:00,LEC,16,7.0,6.0,43.162,1142,7779
27,2023-03-19T17:00:00+00:00,OCO,31,8.0,4.0,52.832,1142,7779
28,2023-03-19T17:00:00+00:00,GAS,10,9.0,2.0,54.747,1142,7779
29,2023-03-19T17:00:00+00:00,MAG,20,10.0,1.0,64.826,1142,7779
30,2023-03-19T17:00:00+00:00,TSU,22,11.0,0.0,67.494,1142,7779
31,2023-03-19T17:00:00+00:00,HUL,27,12.0,0.0,70.588,1142,7779
32,2023-03-19T17:00:00+00:00,ZHO,24,13.0,0.0,76.06,1142,7779
33,2023-03-19T17:00:00+00:00,DEV,21,14.0,0.0,77.478,1142,7779
34,2023-03-19T17:00:00+00:00,PIA,81,15.0,0.0,85.021,1142,7779
35,2023-03-19T17:00:00+00:00,SAR,2,16.0,0.0,86.293,1142,7779
36,2023-03-19T17:00:00+00:00,NOR,4,17.0,0.0,86.445,1142,7779
37,2023-03-19T17:00:00+00:00,BOT,77,18.0,0.0,+1 LAP,1142,7779
38,2023-03-19T17:00:00+00:00,ALB,23,,0.0,,1142,7779
39,2023-03-19T17:00:00+00:00,STR,18,,0.0,,1142,7779
40,2023-04-02T05:00:00+00:00,VER,1,1.0,25.0,0.0,1143,7787
41,2023-04-02T05:00:00+00:00,HAM,44,2.0,18.0,0.179,1143,7787
42,2023-04-02T05:00:00+00:00,ALO,14,3.0,15.0,0.769,1143,7787
43,2023-04-02T05:00:00+00:00,STR,18,4.0,12.0,3.082,1143,7787
44,2023-04-02T05:00:00+00:00,PER,11,5.0,11.0,3.32,1143,7787
45,2023-04-02T05:00:00+00:00,NOR,4,6.0,8.0,3.701,1143,7787
46,2023-04-02T05:00:00+00:00,HUL,27,7.0,6.0,4.939,1143,7787
47,2023-04-02T05:00:00+00:00,PIA,81,8.0,4.0,5.382,1143,7787
48,2023-04-02T05:00:00+00:00,ZHO,24,9.0,2.0,5.713,1143,7787
49,2023-04-02T05:00:00+00:00,TSU,22,10.0,1.0,6.052,1143,7787
50,2023-04-02T05:00:00+00:00,BOT,77,11.0,0.0,6.513,1143,7787
51,2023-04-02T05:00:00+00:00,SAI,55,12.0,0.0,6.594,1143,7787
52,2023-04-02T05:00:00+00:00,GAS,10,13.0,0.0,,1143,7787
53,2023-04-02T05:00:00+00:00,OCO,31,14.0,0.0,,1143,7787
54,2023-04-02T05:00:00+00:00,DEV,21,15.0,0.0,,1143,7787
55,2023-04-02T05:00:00+00:00,SAR,2,16.0,0.0,,1143,7787
56,2023-04-02T05:00:00+00:00,MAG,20,17.0,0.0,,1143,7787
57,2023-04-02T05:00:00+00:00,RUS,63,,0.0,,1143,7787
58,2023-04-02T05:00:00+00:00,ALB,23,,0.0,,1143,7787
59,2023-04-02T05:00:00+00:00,LEC,16,,0.0,,1143,7787
60,2023-04-30T11:00:00+00:00,PER,11,1.0,25.0,0,1207,9070
61,2023-04-30T11:00:00+00:00,VER,1,2.0,18.0,2.137,1207,9070
62,2023-04-30T11:00:00+00:00,LEC,16,3.0,15.0,21.217,1207,9070
63,2023-04-30T11:00:00+00:00,ALO,14,4.0,12.0,22.024,1207,9070
64,2023-04-30T11:00:00+00:00,SAI,55,5.0,10.0,45.491,1207,9070
65,2023-04-30T11:00:00+00:00,HAM,44,6.0,8.0,46.145,1207,9070
66,2023-04-30T11:00:00+00:00,STR,18,7.0,6.0,51.617,1207,9070
67,2023-04-30T11:00:00+00:00,RUS,63,8.0,5.0,74.24,1207,9070
68,2023-04-30T11:00:00+00:00,NOR,4,9.0,2.0,80.376,1207,9070
69,2023-04-30T11:00:00+00:00,TSU,22,10.0,1.0,83.862,1207,9070
70,2023-04-30T11:00:00+00:00,PIA,81,11.0,0.0,86.501,1207,9070
71,2023-04-30T11:00:00+00:00,ALB,23,12.0,0.0,88.623,1207,9070
72,2023-04-30T11:00:00+00:00,MAG,20,13.0,0.0,89.729,1207,9070
73,2023-04-30T11:00:00+00:00,GAS,10,14.0,0.0,91.332,1207,9070
74,2023-04-30T11:00:00+00:00,OCO,31,15.0,0.0,97.794,1207,9070
75,2023-04-30T11:00:00+00:00,SAR,2,16.0,0.0,100.943,1207,9070
76,2023-04-30T11:00:00+00:00,HUL,27,17.0,0.0,+1 LAP,1207,9070
77,2023-04-30T11:00:00+00:00,BOT,77,18.0,0.0,+1 LAP,1207,9070
78,2023-04-30T11:00:00+00:00,ZHO,24,,0.0,,1207,9070
79,2023-04-30T11:00:00+00:00,DEV,21,,0.0,,1207,9070
80,2023-05-07T19:30:00+00:00,VER,1,1.0,26.0,0,1208,9078
81,2023-05-07T19:30:00+00:00,PER,11,2.0,18.0,5.384,1208,9078
82,2023-05-07T19:30:00+00:00,ALO,14,3.0,15.0,26.305,1208,9078
83,2023-05-07T19:30:00+00:00,RUS,63,4.0,12.0,33.229,1208,9078
84,2023-05-07T19:30:00+00:00,SAI,55,5.0,10.0,42.511,1208,9078
85,2023-05-07T19:30:00+00:00,HAM,44,6.0,8.0,51.249,1208,9078
86,2023-05-07T19:30:00+00:00,LEC,16,7.0,6.0,52.988,1208,9078
87,2023-05-07T19:30:00+00:00,GAS,10,8.0,4.0,55.67,1208,9078
88,2023-05-07T19:30:00+00:00,OCO,31,9.0,2.0,58.123,1208,9078
89,2023-05-07T19:30:00+00:00,MAG,20,10.0,1.0,62.945,1208,9078
90,2023-05-07T19:30:00+00:00,TSU,22,11.0,0.0,64.309,1208,9078
91,2023-05-07T19:30:00+00:00,STR,18,12.0,0.0,64.754,1208,9078
92,2023-05-07T19:30:00+00:00,BOT,77,13.0,0.0,71.637,1208,9078
93,2023-05-07T19:30:00+00:00,ALB,23,14.0,0.0,72.861,1208,9078
94,2023-05-07T19:30:00+00:00,HUL,27,15.0,0.0,74.95,1208,9078
95,2023-05-07T19:30:00+00:00,ZHO,24,16.0,0.0,78.44,1208,9078
96,2023-05-07T19:30:00+00:00,NOR,4,17.0,0.0,87.717,1208,9078
97,2023-05-07T19:30:00+00:00,DEV,21,18.0,0.0,88.949,1208,9078
98,2023-05-07T19:30:00+00:00,PIA,81,19.0,0.0,+1 LAP,1208,9078
99,2023-05-07T19:30:00+00:00,SAR,2,20.0,0.0,+1 LAP,1208,9078
100,2023-05-28T13:00:00+00:00,VER,1,1.0,25.0,0,1210,9094
101,2023-05-28T13:00:00+00:00,ALO,14,2.0,18.0,27.921,1210,9094
102,2023-05-28T13:00:00+00:00,OCO,31,3.0,15.0,36.99,1210,9094
103,2023-05-28T13:00:00+00:00,HAM,44,4.0,13.0,39.062,1210,9094
104,2023-05-28T13:00:00+00:00,RUS,63,5.0,10.0,56.284,1210,9094
105,2023-05-28T13:00:00+00:00,LEC,16,6.0,8.0,61.89,1210,9094
106,2023-05-28T13:00:00+00:00,GAS,10,7.0,6.0,62.362,1210,9094
107,2023-05-28T13:00:00+00:00,SAI,55,8.0,4.0,63.391,1210,9094
108,2023-05-28T13:00:00+00:00,NOR,4,9.0,2.0,+1 LAP,1210,9094
109,2023-05-28T13:00:00+00:00,PIA,81,10.0,1.0,+1 LAP,1210,9094
110,2023-05-28T13:00:00+00:00,BOT,77,11.0,0.0,+1 LAP,1210,9094
111,2023-05-28T13:00:00+00:00,DEV,21,12.0,0.0,+1 LAP,1210,9094
112,2023-05-28T13:00:00+00:00,ZHO,24,13.0,0.0,+1 LAP,1210,9094
113,2023-05-28T13:00:00+00:00,ALB,23,14.0,0.0,+1 LAP,1210,9094
114,2023-05-28T13:00:00+00:00,TSU,22,15.0,0.0,+2 LAPS,1210,9094
115,2023-05-28T13:00:00+00:00,PER,11,16.0,0.0,+2 LAPS,1210,9094
116,2023-05-28T13:00:00+00:00,HUL,27,17.0,0.0,+2 LAPS,1210,9094
117,2023-05-28T13:00:00+00:00,SAR,2,18.0,0.0,+2 LAPS,1210,9094
118,2023-05-28T13:00:00+00:00,MAG,20,19.0,0.0,,1210,9094
119,2023-05-28T13:00:00+00:00,STR,18,,0.0,,1210,9094
120,2023-06-04T13:00:00+00:00,VER,1,1.0,26.0,0,1211,9102
121,2023-06-04T13:00:00+00:00,HAM,44,2.0,18.0,24.09,1211,9102
122,2023-06-04T13:00:00+00:00,RUS,63,3.0,15.0,32.389,1211,9102
123,2023-06-04T13:00:00+00:00,PER,11,4.0,12.0,35.812,1211,9102
124,2023-06-04T13:00:00+00:00,SAI,55,5.0,10.0,45.698,1211,9102
125,2023-06-04T13:00:00+00:00,STR,18,6.0,8.0,63.32,1211,9102
126,2023-06-04T13:00:00+00:00,ALO,14,7.0,6.0,64.127,1211,9102
127,2023-06-04T13:00:00+00:00,OCO,31,8.0,4.0,69.242,1211,9102
128,2023-06-04T13:00:00+00:00,ZHO,24,9.0,2.0,71.878,1211,9102
129,2023-06-04T13:00:00+00:00,GAS,10,10.0,1.0,73.53,1211,9102
130,2023-06-04T13:00:00+00:00,LEC,16,11.0,0.0,74.419,1211,9102
131,2023-06-04T13:00:00+00:00,TSU,22,12.0,0.0,75.416,1211,9102
132,2023-06-04T13:00:00+00:00,PIA,81,13.0,0.0,+1 LAP,1211,9102
133,2023-06-04T13:00:00+00:00,DEV,21,14.0,0.0,+1 LAP,1211,9102
134,2023-06-04T13:00:00+00:00,HUL,27,15.0,0.0,+1 LAP,1211,9102
135,2023-06-04T13:00:00+00:00,ALB,23,16.0,0.0,+1 LAP,1211,9102
136,2023-06-04T13:00:00+00:00,NOR,4,17.0,0.0,+1 LAP,1211,9102
137,2023-06-04T13:00:00+00:00,MAG,20,18.0,0.0,+1 LAP,1211,9102
138,2023-06-04T13:00:00+00:00,BOT,77,19.0,0.0,+1 LAP,1211,9102
139,2023-06-04T13:00:00+00:00,SAR,2,20.0,0.0,+1 LAP,1211,9102
140,2023-06-18T18:00:00+00:00,VER,1,1.0,25.0,0,1212,9110
141,2023-06-18T18:00:00+00:00,ALO,14,2.0,18.0,9.57,1212,9110
142,2023-06-18T18:00:00+00:00,HAM,44,3.0,15.0,14.168,1212,9110
143,2023-06-18T18:00:00+00:00,LEC,16,4.0,12.0,18.648,1212,9110
144,2023-06-18T18:00:00+00:00,SAI,55,5.0,10.0,21.54,1212,9110
145,2023-06-18T18:00:00+00:00,PER,11,6.0,9.0,51.028,1212,9110
146,2023-06-18T18:00:00+00:00,ALB,23,7.0,6.0,60.813,1212,9110
147,2023-06-18T18:00:00+00:00,OCO,31,8.0,4.0,61.692,1212,9110
148,2023-06-18T18:00:00+00:00,STR,18,9.0,2.0,64.402,1212,9110
149,2023-06-18T18:00:00+00:00,BOT,77,10.0,1.0,64.432,1212,9110
150,2023-06-18T18:00:00+00:00,PIA,81,11.0,0.0,65.101,1212,9110
151,2023-06-18T18:00:00+00:00,GAS,10,12.0,0.0,65.249,1212,9110
152,2023-06-18T18:00:00+00:00,NOR,4,13.0,0.0,68.363,1212,9110
153,2023-06-18T18:00:00+00:00,TSU,22,14.0,0.0,73.423,1212,9110
154,2023-06-18T18:00:00+00:00,HUL,27,15.0,0.0,+1 LAP,1212,9110
155,2023-06-18T18:00:00+00:00,ZHO,24,16.0,0.0,+1 LAP,1212,9110
156,2023-06-18T18:00:00+00:00,MAG,20,17.0,0.0,+1 LAP,1212,9110
157,2023-06-18T18:00:00+00:00,DEV,21,18.0,0.0,+1 LAP,1212,9110
158,2023-06-18T18:00:00+00:00,RUS,63,,0.0,,1212,9110
159,2023-06-18T18:00:00+00:00,SAR,2,,0.0,,1212,9110
160,2023-07-02T13:00:00+00:00,VER,1,1.0,26.0,0,1213,9118
161,2023-07-02T13:00:00+00:00,LEC,16,2.0,18.0,5.155,1213,9118
162,2023-07-02T13:00:00+00:00,PER,11,3.0,15.0,17.188,1213,9118
163,2023-07-02T13:00:00+00:00,NOR,4,4.0,12.0,26.327,1213,9118
164,2023-07-02T13:00:00+00:00,ALO,14,5.0,10.0,30.317,1213,9118
165,2023-07-02T13:00:00+00:00,SAI,55,6.0,8.0,31.377,1213,9118
166,2023-07-02T13:00:00+00:00,RUS,63,7.0,6.0,48.403,1213,9118
167,2023-07-02T13:00:00+00:00,HAM,44,8.0,4.0,49.196,1213,9118
168,2023-07-02T13:00:00+00:00,STR,18,9.0,2.0,59.043,1213,9118
169,2023-07-02T13:00:00+00:00,GAS,10,10.0,1.0,67.667,1213,9118
170,2023-07-02T13:00:00+00:00,ALB,23,11.0,0.0,79.767,1213,9118
171,2023-07-02T13:00:00+00:00,ZHO,24,12.0,0.0,+1 LAP,1213,9118
172,2023-07-02T13:00:00+00:00,SAR,2,13.0,0.0,+1 LAP,1213,9118
173,2023-07-02T13:00:00+00:00,OCO,31,14.0,0.0,+1 LAP,1213,9118
174,2023-07-02T13:00:00+00:00,BOT,77,15.0,0.0,+1 LAP,1213,9118
175,2023-07-02T13:00:00+00:00,PIA,81,16.0,0.0,+1 LAP,1213,9118
176,2023-07-02T13:00:00+00:00,DEV,21,17.0,0.0,+1 LAP,1213,9118
177,2023-07-02T13:00:00+00:00,MAG,20,18.0,0.0,+1 LAP,1213,9118
178,2023-07-02T13:00:00+00:00,TSU,22,19.0,0.0,+1 LAP,1213,9118
179,2023-07-02T13:00:00+00:00,HUL,27,,0.0,,1213,9118
180,2023-07-09T14:00:00+00:00,VER,1,1.0,26.0,0.0,1214,9126
181,2023-07-09T14:00:00+00:00,NOR,4,2.0,18.0,3.798,1214,9126
182,2023-07-09T14:00:00+00:00,HAM,44,3.0,15.0,6.783,1214,9126
183,2023-07-09T14:00:00+00:00,PIA,81,4.0,12.0,7.776,1214,9126
184,2023-07-09T14:00:00+00:00,RUS,63,5.0,10.0,11.206,1214,9126
185,2023-07-09T14:00:00+00:00,PER,11,6.0,8.0,12.882,1214,9126
186,2023-07-09T14:00:00+00:00,ALO,14,7.0,6.0,17.193,1214,9126
187,2023-07-09T14:00:00+00:00,ALB,23,8.0,4.0,17.878,1214,9126
188,2023-07-09T14:00:00+00:00,LEC,16,9.0,2.0,18.689,1214,9126
189,2023-07-09T14:00:00+00:00,SAI,55,10.0,1.0,19.448,1214,9126
190,2023-07-09T14:00:00+00:00,SAR,2,11.0,0.0,23.632,1214,9126
191,2023-07-09T14:00:00+00:00,BOT,77,12.0,0.0,25.83,1214,9126
192,2023-07-09T14:00:00+00:00,HUL,27,13.0,0.0,26.663,1214,9126
193,2023-07-09T14:00:00+00:00,STR,18,14.0,0.0,27.483,1214,9126
194,2023-07-09T14:00:00+00:00,ZHO,24,15.0,0.0,29.82,1214,9126
195,2023-07-09T14:00:00+00:00,TSU,22,16.0,0.0,31.225,1214,9126
196,2023-07-09T14:00:00+00:00,DEV,21,17.0,0.0,33.128,1214,9126
197,2023-07-09T14:00:00+00:00,GAS,10,18.0,0.0,,1214,9126
198,2023-07-09T14:00:00+00:00,MAG,20,,0.0,,1214,9126
199,2023-07-09T14:00:00+00:00,OCO,31,,0.0,,1214,9126
200,2023-07-23T13:00:00+00:00,VER,1,1.0,26.0,0,1215,9133
201,2023-07-23T13:00:00+00:00,NOR,4,2.0,18.0,33.731,1215,9133
202,2023-07-23T13:00:00+00:00,PER,11,3.0,15.0,37.603,1215,9133
203,2023-07-23T13:00:00+00:00,HAM,44,4.0,12.0,39.134,1215,9133
204,2023-07-23T13:00:00+00:00,PIA,81,5.0,10.0,62.572,1215,9133
205,2023-07-23T13:00:00+00:00,RUS,63,6.0,8.0,65.825,1215,9133
206,2023-07-23T13:00:00+00:00,LEC,16,7.0,6.0,70.317,1215,9133
207,2023-07-23T13:00:00+00:00,SAI,55,8.0,4.0,71.073,1215,9133
208,2023-07-23T13:00:00+00:00,ALO,14,9.0,2.0,75.709,1215,9133
209,2023-07-23T13:00:00+00:00,STR,18,10.0,1.0,+1 LAP,1215,9133
210,2023-07-23T13:00:00+00:00,ALB,23,11.0,0.0,+1 LAP,1215,9133
211,2023-07-23T13:00:00+00:00,BOT,77,12.0,0.0,+1 LAP,1215,9133
212,2023-07-23T13:00:00+00:00,RIC,3,13.0,0.0,+1 LAP,1215,9133
213,2023-07-23T13:00:00+00:00,HUL,27,14.0,0.0,+1 LAP,1215,9133
214,2023-07-23T13:00:00+00:00,TSU,22,15.0,0.0,+1 LAP,1215,9133
215,2023-07-23T13:00:00+00:00,ZHO,24,16.0,0.0,+1 LAP,1215,9133
216,2023-07-23T13:00:00+00:00,MAG,20,17.0,0.0,+1 LAP,1215,9133
217,2023-07-23T13:00:00+00:00,SAR,2,18.0,0.0,,1215,9133
218,2023-07-23T13:00:00+00:00,OCO,31,,0.0,,1215,9133
219,2023-07-23T13:00:00+00:00,GAS,10,,0.0,,1215,9133
220,2023-07-30T13:00:00+00:00,VER,1,1.0,25.0,0.0,1216,9141
221,2023-07-30T13:00:00+00:00,PER,11,2.0,18.0,22.305,1216,9141
222,2023-07-30T13:00:00+00:00,LEC,16,3.0,15.0,32.259,1216,9141
223,2023-07-30T13:00:00+00:00,HAM,44,4.0,13.0,49.671,1216,9141
224,2023-07-30T13:00:00+00:00,ALO,14,5.0,10.0,56.184,1216,9141
225,2023-07-30T13:00:00+00:00,RUS,63,6.0,8.0,63.101,1216,9141
226,2023-07-30T13:00:00+00:00,NOR,4,7.0,6.0,73.719,1216,9141
227,2023-07-30T13:00:00+00:00,OCO,31,8.0,4.0,74.719,1216,9141
228,2023-07-30T13:00:00+00:00,STR,18,9.0,2.0,79.34,1216,9141
229,2023-07-30T13:00:00+00:00,TSU,22,10.0,1.0,80.221,1216,9141
230,2023-07-30T13:00:00+00:00,GAS,10,11.0,0.0,83.084,1216,9141
231,2023-07-30T13:00:00+00:00,BOT,77,12.0,0.0,85.191,1216,9141
232,2023-07-30T13:00:00+00:00,ZHO,24,13.0,0.0,95.441,1216,9141
233,2023-07-30T13:00:00+00:00,ALB,23,14.0,0.0,96.184,1216,9141
234,2023-07-30T13:00:00+00:00,MAG,20,15.0,0.0,101.754,1216,9141
235,2023-07-30T13:00:00+00:00,RIC,3,16.0,0.0,103.071,1216,9141
236,2023-07-30T13:00:00+00:00,SAR,2,17.0,0.0,104.476,1216,9141
237,2023-07-30T13:00:00+00:00,HUL,27,18.0,0.0,110.45,1216,9141
238,2023-07-30T13:00:00+00:00,SAI,55,,0.0,,1216,9141
239,2023-07-30T13:00:00+00:00,PIA,81,,0.0,,1216,9141
240,2023-08-27T13:00:00+00:00,VER,1,1.0,25.0,0.0,1217,9149
241,2023-08-27T13:00:00+00:00,ALO,14,2.0,19.0,3.744,1217,9149
242,2023-08-27T13:00:00+00:00,GAS,10,3.0,15.0,7.058,1217,9149
243,2023-08-27T13:00:00+00:00,PER,11,4.0,12.0,10.068,1217,9149
244,2023-08-27T13:00:00+00:00,SAI,55,5.0,10.0,12.541,1217,9149
245,2023-08-27T13:00:00+00:00,HAM,44,6.0,8.0,13.209,1217,9149
246,2023-08-27T13:00:00+00:00,NOR,4,7.0,6.0,13.232,1217,9149
247,2023-08-27T13:00:00+00:00,ALB,23,8.0,4.0,15.155,1217,9149
248,2023-08-27T13:00:00+00:00,PIA,81,9.0,2.0,16.58,1217,9149
249,2023-08-27T13:00:00+00:00,OCO,31,10.0,1.0,18.346,1217,9149
250,2023-08-27T13:00:00+00:00,STR,18,11.0,0.0,20.087,1217,9149
251,2023-08-27T13:00:00+00:00,HUL,27,12.0,0.0,20.84,1217,9149
252,2023-08-27T13:00:00+00:00,LAW,40,13.0,0.0,26.147,1217,9149
253,2023-08-27T13:00:00+00:00,BOT,77,14.0,0.0,27.388,1217,9149
254,2023-08-27T13:00:00+00:00,TSU,22,15.0,0.0,29.893,1217,9149
255,2023-08-27T13:00:00+00:00,MAG,20,16.0,0.0,31.41,1217,9149
256,2023-08-27T13:00:00+00:00,RUS,63,17.0,0.0,55.754,1217,9149
257,2023-08-27T13:00:00+00:00,ZHO,24,,0.0,,1217,9149
258,2023-08-27T13:00:00+00:00,LEC,16,,0.0,,1217,9149
259,2023-08-27T13:00:00+00:00,SAR,2,,0.0,,1217,9149
260,2023-09-03T13:00:00+00:00,VER,1,1.0,25.0,0,1218,9157
261,2023-09-03T13:00:00+00:00,PER,11,2.0,18.0,6.064,1218,9157
262,2023-09-03T13:00:00+00:00,SAI,55,3.0,15.0,11.193,1218,9157
263,2023-09-03T13:00:00+00:00,LEC,16,4.0,12.0,11.377,1218,9157
264,2023-09-03T13:00:00+00:00,RUS,63,5.0,10.0,23.028,1218,9157
265,2023-09-03T13:00:00+00:00,HAM,44,6.0,8.0,42.679,1218,9157
266,2023-09-03T13:00:00+00:00,ALB,23,7.0,6.0,45.106,1218,9157
267,2023-09-03T13:00:00+00:00,NOR,4,8.0,4.0,45.449,1218,9157
268,2023-09-03T13:00:00+00:00,ALO,14,9.0,2.0,46.294,1218,9157
269,2023-09-03T13:00:00+00:00,BOT,77,10.0,1.0,64.056,1218,9157
270,2023-09-03T13:00:00+00:00,LAW,40,11.0,0.0,70.638,1218,9157
271,2023-09-03T13:00:00+00:00,PIA,81,12.0,0.0,73.074,1218,9157
272,2023-09-03T13:00:00+00:00,SAR,2,13.0,0.0,78.557,1218,9157
273,2023-09-03T13:00:00+00:00,ZHO,24,14.0,0.0,80.164,1218,9157
274,2023-09-03T13:00:00+00:00,GAS,10,15.0,0.0,82.51,1218,9157
275,2023-09-03T13:00:00+00:00,STR,18,16.0,0.0,87.266,1218,9157
276,2023-09-03T13:00:00+00:00,HUL,27,17.0,0.0,+1 LAP,1218,9157
277,2023-09-03T13:00:00+00:00,MAG,20,18.0,0.0,+1 LAP,1218,9157
278,2023-09-03T13:00:00+00:00,OCO,31,,0.0,,1218,9157
279,2023-09-03T13:00:00+00:00,TSU,22,,0.0,,1218,9157
280,2023-09-17T12:00:00+00:00,SAI,55,1.0,25.0,0.0,1219,9165
281,2023-09-17T12:00:00+00:00,NOR,4,2.0,18.0,0.812,1219,9165
282,2023-09-17T12:00:00+00:00,HAM,44,3.0,16.0,1.269,1219,9165
283,2023-09-17T12:00:00+00:00,LEC,16,4.0,12.0,21.177,1219,9165
284,2023-09-17T12:00:00+00:00,VER,1,5.0,10.0,21.441,1219,9165
285,2023-09-17T12:00:00+00:00,GAS,10,6.0,8.0,38.441,1219,9165
286,2023-09-17T12:00:00+00:00,PIA,81,7.0,6.0,41.479,1219,9165
287,2023-09-17T12:00:00+00:00,PER,11,8.0,4.0,59.534,1219,9165
288,2023-09-17T12:00:00+00:00,LAW,40,9.0,2.0,65.918,1219,9165
289,2023-09-17T12:00:00+00:00,MAG,20,10.0,1.0,72.116,1219,9165
290,2023-09-17T12:00:00+00:00,ALB,23,11.0,0.0,73.417,1219,9165
291,2023-09-17T12:00:00+00:00,ZHO,24,12.0,0.0,83.649,1219,9165
292,2023-09-17T12:00:00+00:00,HUL,27,13.0,0.0,86.201,1219,9165
293,2023-09-17T12:00:00+00:00,SAR,2,14.0,0.0,86.889,1219,9165
294,2023-09-17T12:00:00+00:00,ALO,14,15.0,0.0,87.603,1219,9165
295,2023-09-17T12:00:00+00:00,RUS,63,16.0,0.0,,1219,9165
296,2023-09-17T12:00:00+00:00,BOT,77,,0.0,,1219,9165
297,2023-09-17T12:00:00+00:00,OCO,31,,0.0,,1219,9165
298,2023-09-17T12:00:00+00:00,TSU,22,,0.0,,1219,9165
299,2023-09-24T05:00:00+00:00,VER,1,1.0,26.0,0,1220,9173
300,2023-09-24T05:00:00+00:00,NOR,4,2.0,18.0,19.387,1220,9173
301,2023-09-24T05:00:00+00:00,PIA,81,3.0,15.0,36.494,1220,9173
302,2023-09-24T05:00:00+00:00,LEC,16,4.0,12.0,43.998,1220,9173
303,2023-09-24T05:00:00+00:00,HAM,44,5.0,10.0,49.376,1220,9173
304,2023-09-24T05:00:00+00:00,SAI,55,6.0,8.0,50.221,1220,9173
305,2023-09-24T05:00:00+00:00,RUS,63,7.0,6.0,57.659,1220,9173
306,2023-09-24T05:00:00+00:00,ALO,14,8.0,4.0,74.725,1220,9173
307,2023-09-24T05:00:00+00:00,OCO,31,9.0,2.0,79.678,1220,9173
308,2023-09-24T05:00:00+00:00,GAS,10,10.0,1.0,83.155,1220,9173
309,2023-09-24T05:00:00+00:00,LAW,40,11.0,0.0,+1 LAP,1220,9173
310,2023-09-24T05:00:00+00:00,TSU,22,12.0,0.0,+1 LAP,1220,9173
311,2023-09-24T05:00:00+00:00,ZHO,24,13.0,0.0,+1 LAP,1220,9173
312,2023-09-24T05:00:00+00:00,HUL,27,14.0,0.0,+1 LAP,1220,9173
313,2023-09-24T05:00:00+00:00,MAG,20,15.0,0.0,+1 LAP,1220,9173
314,2023-09-24T05:00:00+00:00,ALB,23,,0.0,,1220,9173
315,2023-09-24T05:00:00+00:00,SAR,2,,0.0,,1220,9173
316,2023-09-24T05:00:00+00:00,STR,18,,0.0,,1220,9173
317,2023-09-24T05:00:00+00:00,PER,11,,0.0,,1220,9173
318,2023-09-24T05:00:00+00:00,BOT,77,,0.0,,1220,9173
319,2023-10-08T17:00:00+00:00,VER,1,1.0,26.0,0,1221,9221
320,2023-10-08T17:00:00+00:00,PIA,81,2.0,18.0,4.833,1221,9221
321,2023-10-08T17:00:00+00:00,NOR,4,3.0,15.0,5.969,1221,9221
322,2023-10-08T17:00:00+00:00,RUS,63,4.0,12.0,34.119,1221,9221
323,2023-10-08T17:00:00+00:00,LEC,16,5.0,10.0,38.976,1221,9221
324,2023-10-08T17:00:00+00:00,ALO,14,6.0,8.0,49.032,1221,9221
325,2023-10-08T17:00:00+00:00,OCO,31,7.0,6.0,62.39,1221,9221
326,2023-10-08T17:00:00+00:00,BOT,77,8.0,4.0,66.563,1221,9221
327,2023-10-08T17:00:00+00:00,ZHO,24,9.0,2.0,76.127,1221,9221
328,2023-10-08T17:00:00+00:00,PER,11,10.0,1.0,80.181,1221,9221
329,2023-10-08T17:00:00+00:00,STR,18,11.0,0.0,81.652,1221,9221
330,2023-10-08T17:00:00+00:00,GAS,10,12.0,0.0,82.3,1221,9221
331,2023-10-08T17:00:00+00:00,ALB,23,13.0,0.0,91.014,1221,9221
332,2023-10-08T17:00:00+00:00,MAG,20,14.0,0.0,+1 LAP,1221,9221
333,2023-10-08T17:00:00+00:00,TSU,22,15.0,0.0,+1 LAP,1221,9221
334,2023-10-08T17:00:00+00:00,HUL,27,16.0,0.0,+1 LAP,1221,9221
335,2023-10-08T17:00:00+00:00,LAW,40,17.0,0.0,+1 LAP,1221,9221
336,2023-10-08T17:00:00+00:00,SAR,2,,0.0,,1221,9221
337,2023-10-08T17:00:00+00:00,HAM,44,,0.0,,1221,9221
338,2023-10-08T17:00:00+00:00,SAI,55,,0.0,,1221,9221
339,2023-10-22T19:00:00+00:00,VER,1,1.0,25.0,0,1222,9213
340,2023-10-22T19:00:00+00:00,HAM,44,,0.0,2.225,1222,9213
341,2023-10-22T19:00:00+00:00,NOR,4,2.0,0.0,10.73,1222,9213
342,2023-10-22T19:00:00+00:00,SAI,55,3.0,0.0,15.134,1222,9213
343,2023-10-22T19:00:00+00:00,PER,11,4.0,0.0,18.46,1222,9213
344,2023-10-22T19:00:00+00:00,LEC,16,,0.0,24.662,1222,9213
345,2023-10-22T19:00:00+00:00,RUS,63,5.0,0.0,24.999,1222,9213
346,2023-10-22T19:00:00+00:00,GAS,10,6.0,0.0,47.996,1222,9213
347,2023-10-22T19:00:00+00:00,STR,18,7.0,0.0,48.696,1222,9213
348,2023-10-22T19:00:00+00:00,TSU,22,8.0,0.0,74.385,1222,9213
349,2023-10-22T19:00:00+00:00,ALB,23,9.0,0.0,86.714,1222,9213
350,2023-10-22T19:00:00+00:00,SAR,2,10.0,0.0,87.998,1222,9213
351,2023-10-22T19:00:00+00:00,HUL,27,11.0,0.0,89.904,1222,9213
352,2023-10-22T19:00:00+00:00,BOT,77,12.0,0.0,98.601,1222,9213
353,2023-10-22T19:00:00+00:00,ZHO,24,13.0,0.0,+1 LAP,1222,9213
354,2023-10-22T19:00:00+00:00,MAG,20,14.0,0.0,+1 LAP,1222,9213
355,2023-10-22T19:00:00+00:00,RIC,3,15.0,0.0,+1 LAP,1222,9213
356,2023-10-22T19:00:00+00:00,ALO,14,,0.0,,1222,9213
357,2023-10-22T19:00:00+00:00,PIA,81,,0.0,,1222,9213
358,2023-10-22T19:00:00+00:00,OCO,31,,0.0,,1222,9213
359,2023-10-29T20:00:00+00:00,VER,1,1.0,25.0,0.0,1223,9181
360,2023-10-29T20:00:00+00:00,HAM,44,2.0,19.0,13.875,1223,9181
361,2023-10-29T20:00:00+00:00,LEC,16,3.0,15.0,23.124,1223,9181
362,2023-10-29T20:00:00+00:00,SAI,55,4.0,12.0,27.154,1223,9181
363,2023-10-29T20:00:00+00:00,NOR,4,5.0,10.0,33.266,1223,9181
364,2023-10-29T20:00:00+00:00,RUS,63,6.0,8.0,41.02,1223,9181
365,2023-10-29T20:00:00+00:00,RIC,3,7.0,6.0,41.57,1223,9181
366,2023-10-29T20:00:00+00:00,PIA,81,8.0,4.0,43.104,1223,9181
367,2023-10-29T20:00:00+00:00,ALB,23,9.0,2.0,48.573,1223,9181
368,2023-10-29T20:00:00+00:00,OCO,31,10.0,1.0,62.879,1223,9181
369,2023-10-29T20:00:00+00:00,GAS,10,11.0,0.0,66.208,1223,9181
370,2023-10-29T20:00:00+00:00,TSU,22,12.0,0.0,78.982,1223,9181
371,2023-10-29T20:00:00+00:00,HUL,27,13.0,0.0,80.309,1223,9181
372,2023-10-29T20:00:00+00:00,ZHO,24,14.0,0.0,81.676,1223,9181
373,2023-10-29T20:00:00+00:00,BOT,77,15.0,0.0,85.597,1223,9181
374,2023-10-29T20:00:00+00:00,SAR,2,16.0,0.0,,1223,9181
375,2023-10-29T20:00:00+00:00,STR,18,17.0,0.0,,1223,9181
376,2023-10-29T20:00:00+00:00,ALO,14,,0.0,,1223,9181
377,2023-10-29T20:00:00+00:00,MAG,20,,0.0,,1223,9181
378,2023-10-29T20:00:00+00:00,PER,11,,0.0,,1223,9181
379,2023-11-05T17:00:00+00:00,VER,1,1.0,25.0,0,1224,9205
380,2023-11-05T17:00:00+00:00,NOR,4,2.0,19.0,8.277,1224,9205
381,2023-11-05T17:00:00+00:00,ALO,14,3.0,15.0,34.155,1224,9205
382,2023-11-05T17:00:00+00:00,PER,11,4.0,12.0,34.208,1224,9205
383,2023-11-05T17:00:00+00:00,STR,18,5.0,10.0,40.845,1224,9205
384,2023-11-05T17:00:00+00:00,SAI,55,6.0,8.0,50.188,1224,9205
385,2023-11-05T17:00:00+00:00,GAS,10,7.0,6.0,56.093,1224,9205
386,2023-11-05T17:00:00+00:00,HAM,44,8.0,4.0,62.859,1224,9205
387,2023-11-05T17:00:00+00:00,TSU,22,9.0,2.0,69.88,1224,9205
388,2023-11-05T17:00:00+00:00,OCO,31,10.0,1.0,+1 LAP,1224,9205
389,2023-11-05T17:00:00+00:00,SAR,2,11.0,0.0,+1 LAP,1224,9205
390,2023-11-05T17:00:00+00:00,HUL,27,12.0,0.0,+1 LAP,1224,9205
391,2023-11-05T17:00:00+00:00,RIC,3,13.0,0.0,+1 LAP,1224,9205
392,2023-11-05T17:00:00+00:00,PIA,81,14.0,0.0,+2 LAPS,1224,9205
393,2023-11-05T17:00:00+00:00,RUS,63,,0.0,,1224,9205
394,2023-11-05T17:00:00+00:00,BOT,77,,0.0,,1224,9205
395,2023-11-05T17:00:00+00:00,ZHO,24,,0.0,,1224,9205
396,2023-11-05T17:00:00+00:00,MAG,20,,0.0,,1224,9205
397,2023-11-05T17:00:00+00:00,ALB,23,,0.0,,1224,9205
398,2023-11-05T17:00:00+00:00,LEC,16,,0.0,,1224,9205
399,2023-11-19T06:00:00+00:00,VER,1,1.0,25.0,0.0,1225,9189
400,2023-11-19T06:00:00+00:00,LEC,16,2.0,18.0,2.07,1225,9189
401,2023-11-19T06:00:00+00:00,PER,11,3.0,15.0,2.241,1225,9189
402,2023-11-19T06:00:00+00:00,OCO,31,4.0,12.0,18.665,1225,9189
403,2023-11-19T06:00:00+00:00,STR,18,5.0,10.0,20.067,1225,9189
404,2023-11-19T06:00:00+00:00,SAI,55,6.0,8.0,20.834,1225,9189
405,2023-11-19T06:00:00+00:00,HAM,44,7.0,6.0,21.755,1225,9189
406,2023-11-19T06:00:00+00:00,RUS,63,8.0,4.0,23.091,1225,9189
407,2023-11-19T06:00:00+00:00,ALO,14,9.0,2.0,25.964,1225,9189
408,2023-11-19T06:00:00+00:00,PIA,81,10.0,2.0,29.496,1225,9189
409,2023-11-19T06:00:00+00:00,GAS,10,11.0,0.0,34.27,1225,9189
410,2023-11-19T06:00:00+00:00,ALB,23,12.0,0.0,43.398,1225,9189
411,2023-11-19T06:00:00+00:00,MAG,20,13.0,0.0,44.825,1225,9189
412,2023-11-19T06:00:00+00:00,RIC,3,14.0,0.0,48.525,1225,9189
413,2023-11-19T06:00:00+00:00,ZHO,24,15.0,0.0,50.162,1225,9189
414,2023-11-19T06:00:00+00:00,SAR,2,16.0,0.0,50.882,1225,9189
415,2023-11-19T06:00:00+00:00,BOT,77,17.0,0.0,85.35,1225,9189
416,2023-11-19T06:00:00+00:00,TSU,22,18.0,0.0,,1225,9189
417,2023-11-19T06:00:00+00:00,HUL,27,19.0,0.0,,1225,9189
418,2023-11-19T06:00:00+00:00,NOR,4,,0.0,,1225,9189
419,2023-11-26T13:00:00+00:00,VER,1,1.0,26.0,0,1226,9197
420,2023-11-26T13:00:00+00:00,LEC,16,2.0,18.0,17.993,1226,9197
421,2023-11-26T13:00:00+00:00,RUS,63,3.0,15.0,20.328,1226,9197
422,2023-11-26T13:00:00+00:00,PER,11,4.0,12.0,21.453,1226,9197
423,2023-11-26T13:00:00+00:00,NOR,4,5.0,10.0,24.284,1226,9197
424,2023-11-26T13:00:00+00:00,PIA,81,6.0,8.0,31.487,1226,9197
425,2023-11-26T13:00:00+00:00,ALO,14,7.0,6.0,39.512,1226,9197
426,2023-11-26T13:00:00+00:00,TSU,22,8.0,4.0,43.088,1226,9197
427,2023-11-26T13:00:00+00:00,HAM,44,9.0,2.0,44.424,1226,9197
428,2023-11-26T13:00:00+00:00,STR,18,10.0,1.0,55.632,1226,9197
429,2023-11-26T13:00:00+00:00,RIC,3,11.0,0.0,56.229,1226,9197
430,2023-11-26T13:00:00+00:00,OCO,31,12.0,0.0,66.373,1226,9197
431,2023-11-26T13:00:00+00:00,GAS,10,13.0,0.0,70.36,1226,9197
432,2023-11-26T13:00:00+00:00,ALB,23,14.0,0.0,73.184,1226,9197
433,2023-11-26T13:00:00+00:00,HUL,27,15.0,0.0,83.696,1226,9197
434,2023-11-26T13:00:00+00:00,SAR,2,16.0,0.0,87.791,1226,9197
435,2023-11-26T13:00:00+00:00,ZHO,24,17.0,0.0,89.422,1226,9197
436,2023-11-26T13:00:00+00:00,SAI,55,18.0,0.0,,1226,9197
437,2023-11-26T13:00:00+00:00,BOT,77,19.0,0.0,+1 LAP,1226,9197
438,2023-11-26T13:00:00+00:00,MAG,20,20.0,0.0,+1 LAP,1226,9197
439,2024-03-02T15:00:00+00:00,VER,1,1.0,26.0,0,1229,9472
440,2024-03-02T15:00:00+00:00,PER,11,2.0,18.0,22.457,1229,9472
441,2024-03-02T15:00:00+00:00,SAI,55,3.0,15.0,25.11,1229,9472
442,2024-03-02T15:00:00+00:00,LEC,16,4.0,12.0,39.669,1229,9472
443,2024-03-02T15:00:00+00:00,RUS,63,5.0,10.0,46.788,1229,9472
444,2024-03-02T15:00:00+00:00,NOR,4,6.0,8.0,48.458,1229,9472
445,2024-03-02T15:00:00+00:00,HAM,44,7.0,6.0,50.324,1229,9472
446,2024-03-02T15:00:00+00:00,PIA,81,8.0,4.0,56.082,1229,9472
447,2024-03-02T15:00:00+00:00,ALO,14,9.0,2.0,74.887,1229,9472
448,2024-03-02T15:00:00+00:00,STR,18,10.0,1.0,93.216,1229,9472
449,2024-03-02T15:00:00+00:00,ZHO,24,11.0,0.0,+1 LAP,1229,9472
450,2024-03-02T15:00:00+00:00,MAG,20,12.0,0.0,+1 LAP,1229,9472
451,2024-03-02T15:00:00+00:00,RIC,3,13.0,0.0,+1 LAP,1229,9472
452,2024-03-02T15:00:00+00:00,TSU,22,14.0,0.0,+1 LAP,1229,9472
453,2024-03-02T15:00:00+00:00,ALB,23,15.0,0.0,+1 LAP,1229,9472
454,2024-03-02T15:00:00+00:00,HUL,27,16.0,0.0,+1 LAP,1229,9472
455,2024-03-02T15:00:00+00:00,OCO,31,17.0,0.0,+1 LAP,1229,9472
456,2024-03-02T15:00:00+00:00,GAS,10,18.0,0.0,+1 LAP,1229,9472
457,2024-03-02T15:00:00+00:00,BOT,77,19.0,0.0,+1 LAP,1229,9472
458,2024-03-02T15:00:00+00:00,SAR,2,20.0,0.0,+2 LAPS,1229,9472
459,2024-03-09T17:00:00+00:00,VER,1,1.0,25.0,0,1230,9480
460,2024-03-09T17:00:00+00:00,PER,11,2.0,18.0,13.643,1230,9480
461,2024-03-09T17:00:00+00:00,LEC,16,3.0,16.0,18.639,1230,9480
462,2024-03-09T17:00:00+00:00,PIA,81,4.0,12.0,32.007,1230,9480
463,2024-03-09T17:00:00+00:00,ALO,14,5.0,10.0,35.759,1230,9480
464,2024-03-09T17:00:00+00:00,RUS,63,6.0,8.0,39.936,1230,9480
465,2024-03-09T17:00:00+00:00,BEA,38,7.0,6.0,42.679,1230,9480
466,2024-03-09T17:00:00+00:00,NOR,4,8.0,4.0,45.708,1230,9480
467,2024-03-09T17:00:00+00:00,HAM,44,9.0,2.0,47.391,1230,9480
468,2024-03-09T17:00:00+00:00,HUL,27,10.0,1.0,76.996,1230,9480
469,2024-03-09T17:00:00+00:00,ALB,23,11.0,0.0,88.354,1230,9480
470,2024-03-09T17:00:00+00:00,MAG,20,12.0,0.0,105.737,1230,9480
471,2024-03-09T17:00:00+00:00,OCO,31,13.0,0.0,+1 LAP,1230,9480
472,2024-03-09T17:00:00+00:00,SAR,2,14.0,0.0,+1 LAP,1230,9480
473,2024-03-09T17:00:00+00:00,TSU,22,15.0,0.0,+1 LAP,1230,9480
474,2024-03-09T17:00:00+00:00,RIC,3,16.0,0.0,+1 LAP,1230,9480
475,2024-03-09T17:00:00+00:00,BOT,77,17.0,0.0,+1 LAP,1230,9480
476,2024-03-09T17:00:00+00:00,ZHO,24,18.0,0.0,+1 LAP,1230,9480
477,2024-03-09T17:00:00+00:00,STR,18,,0.0,,1230,9480
478,2024-03-09T17:00:00+00:00,GAS,10,,0.0,,1230,9480
479,2024-03-24T04:00:00+00:00,SAI,55,1.0,25.0,0,1231,9488
480,2024-03-24T04:00:00+00:00,LEC,16,2.0,19.0,2.366,1231,9488
481,2024-03-24T04:00:00+00:00,NOR,4,3.0,15.0,5.904,1231,9488
482,2024-03-24T04:00:00+00:00,PIA,81,4.0,12.0,35.77,1231,9488
483,2024-03-24T04:00:00+00:00,PER,11,5.0,10.0,56.309,1231,9488
484,2024-03-24T04:00:00+00:00,STR,18,6.0,8.0,93.222,1231,9488
485,2024-03-24T04:00:00+00:00,TSU,22,7.0,6.0,95.601,1231,9488
486,2024-03-24T04:00:00+00:00,ALO,14,8.0,4.0,100.992,1231,9488
487,2024-03-24T04:00:00+00:00,HUL,27,9.0,2.0,104.553,1231,9488
488,2024-03-24T04:00:00+00:00,MAG,20,10.0,1.0,+1 LAP,1231,9488
489,2024-03-24T04:00:00+00:00,ALB,23,11.0,0.0,+1 LAP,1231,9488
490,2024-03-24T04:00:00+00:00,RIC,3,12.0,0.0,+1 LAP,1231,9488
491,2024-03-24T04:00:00+00:00,GAS,10,13.0,0.0,+1 LAP,1231,9488
492,2024-03-24T04:00:00+00:00,BOT,77,14.0,0.0,+1 LAP,1231,9488
493,2024-03-24T04:00:00+00:00,ZHO,24,15.0,0.0,+1 LAP,1231,9488
494,2024-03-24T04:00:00+00:00,OCO,31,16.0,0.0,+1 LAP,1231,9488
495,2024-03-24T04:00:00+00:00,RUS,63,17.0,0.0,,1231,9488
496,2024-03-24T04:00:00+00:00,HAM,44,,0.0,,1231,9488
497,2024-03-24T04:00:00+00:00,VER,1,,0.0,,1231,9488
498,2024-04-07T05:00:00+00:00,VER,1,1.0,26.0,0,1232,9496
499,2024-04-07T05:00:00+00:00,PER,11,2.0,18.0,12.535,1232,9496
500,2024-04-07T05:00:00+00:00,SAI,55,3.0,15.0,20.866,1232,9496
501,2024-04-07T05:00:00+00:00,LEC,16,4.0,12.0,26.522,1232,9496
502,2024-04-07T05:00:00+00:00,NOR,4,5.0,10.0,29.7,1232,9496
503,2024-04-07T05:00:00+00:00,ALO,14,6.0,8.0,44.272,1232,9496
504,2024-04-07T05:00:00+00:00,RUS,63,7.0,6.0,45.951,1232,9496
505,2024-04-07T05:00:00+00:00,PIA,81,8.0,4.0,47.525,1232,9496
506,2024-04-07T05:00:00+00:00,HAM,44,9.0,2.0,48.626,1232,9496
507,2024-04-07T05:00:00+00:00,TSU,22,10.0,1.0,+1 LAP,1232,9496
508,2024-04-07T05:00:00+00:00,HUL,27,11.0,0.0,+1 LAP,1232,9496
509,2024-04-07T05:00:00+00:00,STR,18,12.0,0.0,+1 LAP,1232,9496
510,2024-04-07T05:00:00+00:00,MAG,20,13.0,0.0,+1 LAP,1232,9496
511,2024-04-07T05:00:00+00:00,BOT,77,14.0,0.0,+1 LAP,1232,9496
512,2024-04-07T05:00:00+00:00,OCO,31,15.0,0.0,+1 LAP,1232,9496
513,2024-04-07T05:00:00+00:00,GAS,10,16.0,0.0,+1 LAP,1232,9496
514,2024-04-07T05:00:00+00:00,SAR,2,17.0,0.0,+1 LAP,1232,9496
515,2024-04-07T05:00:00+00:00,ZHO,24,,0.0,,1232,9496
516,2024-04-07T05:00:00+00:00,RIC,3,,0.0,,1232,9496
517,2024-04-07T05:00:00+00:00,ALB,23,,0.0,,1232,9496
518,2024-04-21T07:00:00+00:00,VER,1,1.0,25.0,0.0,1233,9673
519,2024-04-21T07:00:00+00:00,NOR,4,2.0,18.0,13.773,1233,9673
520,2024-04-21T07:00:00+00:00,PER,11,3.0,15.0,19.16,1233,9673
521,2024-04-21T07:00:00+00:00,LEC,16,4.0,12.0,23.623,1233,9673
522,2024-04-21T07:00:00+00:00,SAI,55,5.0,10.0,33.983,1233,9673
523,2024-04-21T07:00:00+00:00,RUS,63,6.0,8.0,38.724,1233,9673
524,2024-04-21T07:00:00+00:00,ALO,14,7.0,7.0,43.414,1233,9673
525,2024-04-21T07:00:00+00:00,PIA,81,8.0,4.0,56.198,1233,9673
526,2024-04-21T07:00:00+00:00,HAM,44,9.0,2.0,57.986,1233,9673
527,2024-04-21T07:00:00+00:00,HUL,27,10.0,1.0,60.476,1233,9673
528,2024-04-21T07:00:00+00:00,OCO,31,11.0,0.0,62.812,1233,9673
529,2024-04-21T07:00:00+00:00,ALB,23,12.0,0.0,65.506,1233,9673
530,2024-04-21T07:00:00+00:00,GAS,10,13.0,0.0,69.223,1233,9673
531,2024-04-21T07:00:00+00:00,ZHO,24,14.0,0.0,71.689,1233,9673
532,2024-04-21T07:00:00+00:00,STR,18,15.0,0.0,82.786,1233,9673
533,2024-04-21T07:00:00+00:00,MAG,20,16.0,0.0,87.533,1233,9673
534,2024-04-21T07:00:00+00:00,SAR,2,17.0,0.0,95.11,1233,9673
535,2024-04-21T07:00:00+00:00,RIC,3,,0.0,,1233,9673
536,2024-04-21T07:00:00+00:00,TSU,22,,0.0,,1233,9673
537,2024-04-21T07:00:00+00:00,BOT,77,,0.0,,1233,9673
538,2024-05-05T20:00:00+00:00,NOR,4,1.0,25.0,0.0,1234,9507
539,2024-05-05T20:00:00+00:00,VER,1,2.0,18.0,7.612,1234,9507
540,2024-05-05T20:00:00+00:00,LEC,16,3.0,15.0,9.92,1234,9507
541,2024-05-05T20:00:00+00:00,PER,11,4.0,12.0,14.65,1234,9507
542,2024-05-05T20:00:00+00:00,SAI,55,5.0,10.0,16.407,1234,9507
543,2024-05-05T20:00:00+00:00,HAM,44,6.0,8.0,16.585,1234,9507
544,2024-05-05T20:00:00+00:00,TSU,22,7.0,6.0,26.185,1234,9507
545,2024-05-05T20:00:00+00:00,RUS,63,8.0,4.0,34.789,1234,9507
546,2024-05-05T20:00:00+00:00,ALO,14,9.0,2.0,37.107,1234,9507
547,2024-05-05T20:00:00+00:00,OCO,31,10.0,1.0,39.746,1234,9507
548,2024-05-05T20:00:00+00:00,HUL,27,11.0,0.0,40.789,1234,9507
549,2024-05-05T20:00:00+00:00,GAS,10,12.0,0.0,44.958,1234,9507
550,2024-05-05T20:00:00+00:00,PIA,81,13.0,0.0,49.756,1234,9507
551,2024-05-05T20:00:00+00:00,ZHO,24,14.0,0.0,49.979,1234,9507
552,2024-05-05T20:00:00+00:00,RIC,3,15.0,0.0,50.956,1234,9507
553,2024-05-05T20:00:00+00:00,BOT,77,16.0,0.0,52.356,1234,9507
554,2024-05-05T20:00:00+00:00,STR,18,17.0,0.0,55.173,1234,9507
555,2024-05-05T20:00:00+00:00,ALB,23,18.0,0.0,76.091,1234,9507
556,2024-05-05T20:00:00+00:00,MAG,20,19.0,0.0,84.683,1234,9507
557,2024-05-05T20:00:00+00:00,SAR,2,,0.0,,1234,9507
558,2024-05-19T13:00:00+00:00,VER,1,1.0,25.0,0,1235,9515
559,2024-05-19T13:00:00+00:00,NOR,4,2.0,18.0,0.725,1235,9515
560,2024-05-19T13:00:00+00:00,LEC,16,3.0,15.0,7.916,1235,9515
561,2024-05-19T13:00:00+00:00,PIA,81,4.0,12.0,14.132,1235,9515
562,2024-05-19T13:00:00+00:00,SAI,55,5.0,10.0,22.325,1235,9515
563,2024-05-19T13:00:00+00:00,HAM,44,6.0,8.0,35.104,1235,9515
564,2024-05-19T13:00:00+00:00,RUS,63,7.0,7.0,47.154,1235,9515
565,2024-05-19T13:00:00+00:00,PER,11,8.0,4.0,54.776,1235,9515
566,2024-05-19T13:00:00+00:00,STR,18,9.0,2.0,79.556,1235,9515
567,2024-05-19T13:00:00+00:00,TSU,22,10.0,1.0,+1 LAP,1235,9515
568,2024-05-19T13:00:00+00:00,HUL,27,11.0,0.0,+1 LAP,1235,9515
569,2024-05-19T13:00:00+00:00,MAG,20,12.0,0.0,+1 LAP,1235,9515
570,2024-05-19T13:00:00+00:00,RIC,3,13.0,0.0,+1 LAP,1235,9515
571,2024-05-19T13:00:00+00:00,OCO,31,14.0,0.0,+1 LAP,1235,9515
572,2024-05-19T13:00:00+00:00,ZHO,24,15.0,0.0,+1 LAP,1235,9515
573,2024-05-19T13:00:00+00:00,GAS,10,16.0,0.0,+1 LAP,1235,9515
574,2024-05-19T13:00:00+00:00,SAR,2,17.0,0.0,+1 LAP,1235,9515
575,2024-05-19T13:00:00+00:00,BOT,77,18.0,0.0,+1 LAP,1235,9515
576,2024-05-19T13:00:00+00:00,ALO,14,19.0,0.0,+1 LAP,1235,9515
577,2024-05-19T13:00:00+00:00,ALB,23,,0.0,,1235,9515
578,2024-05-26T13:00:00+00:00,LEC,16,1.0,25.0,0,1236,9523
579,2024-05-26T13:00:00+00:00,PIA,81,2.0,18.0,7.152,1236,9523
580,2024-05-26T13:00:00+00:00,SAI,55,3.0,15.0,7.585,1236,9523
581,2024-05-26T13:00:00+00:00,NOR,4,4.0,12.0,8.65,1236,9523
582,2024-05-26T13:00:00+00:00,RUS,63,5.0,10.0,13.309,1236,9523
583,2024-05-26T13:00:00+00:00,VER,1,6.0,8.0,13.853,1236,9523
584,2024-05-26T13:00:00+00:00,HAM,44,7.0,7.0,14.908,1236,9523
585,2024-05-26T13:00:00+00:00,TSU,22,8.0,4.0,+1 LAP,1236,9523
586,2024-05-26T13:00:00+00:00,ALB,23,9.0,2.0,+1 LAP,1236,9523
587,2024-05-26T13:00:00+00:00,GAS,10,10.0,1.0,+1 LAP,1236,9523
588,2024-05-26T13:00:00+00:00,ALO,14,11.0,0.0,+2 LAPS,1236,9523
589,2024-05-26T13:00:00+00:00,RIC,3,12.0,0.0,+2 LAPS,1236,9523
590,2024-05-26T13:00:00+00:00,BOT,77,13.0,0.0,+2 LAPS,1236,9523
591,2024-05-26T13:00:00+00:00,STR,18,14.0,0.0,+2 LAPS,1236,9523
592,2024-05-26T13:00:00+00:00,SAR,2,15.0,0.0,+2 LAPS,1236,9523
593,2024-05-26T13:00:00+00:00,ZHO,24,16.0,0.0,+2 LAPS,1236,9523
594,2024-05-26T13:00:00+00:00,OCO,31,,0.0,,1236,9523
595,2024-05-26T13:00:00+00:00,PER,11,,0.0,,1236,9523
596,2024-05-26T13:00:00+00:00,HUL,27,,0.0,,1236,9523
597,2024-05-26T13:00:00+00:00,MAG,20,,0.0,,1236,9523
598,2024-06-09T18:00:00+00:00,VER,1,1.0,25.0,0,1237,9531
599,2024-06-09T18:00:00+00:00,NOR,4,2.0,18.0,3.879,1237,9531
600,2024-06-09T18:00:00+00:00,RUS,63,3.0,15.0,4.317,1237,9531
601,2024-06-09T18:00:00+00:00,HAM,44,4.0,13.0,4.915,1237,9531
602,2024-06-09T18:00:00+00:00,PIA,81,5.0,10.0,10.199,1237,9531
603,2024-06-09T18:00:00+00:00,ALO,14,6.0,8.0,17.51,1237,9531
604,2024-06-09T18:00:00+00:00,STR,18,7.0,6.0,23.625,1237,9531
605,2024-06-09T18:00:00+00:00,RIC,3,8.0,4.0,28.672,1237,9531
606,2024-06-09T18:00:00+00:00,GAS,10,9.0,2.0,30.021,1237,9531
607,2024-06-09T18:00:00+00:00,OCO,31,10.0,1.0,30.313,1237,9531
608,2024-06-09T18:00:00+00:00,HUL,27,11.0,0.0,30.824,1237,9531
609,2024-06-09T18:00:00+00:00,MAG,20,12.0,0.0,31.253,1237,9531
610,2024-06-09T18:00:00+00:00,BOT,77,13.0,0.0,40.487,1237,9531
611,2024-06-09T18:00:00+00:00,TSU,22,14.0,0.0,52.694,1237,9531
612,2024-06-09T18:00:00+00:00,ZHO,24,15.0,0.0,+1 LAP,1237,9531
613,2024-06-09T18:00:00+00:00,SAI,55,,0.0,,1237,9531
614,2024-06-09T18:00:00+00:00,ALB,23,,0.0,,1237,9531
615,2024-06-09T18:00:00+00:00,PER,11,,0.0,,1237,9531
616,2024-06-09T18:00:00+00:00,LEC,16,,0.0,,1237,9531
617,2024-06-09T18:00:00+00:00,SAR,2,,0.0,,1237,9531
618,2024-06-23T13:00:00+00:00,VER,1,1.0,25.0,0,1238,9539
619,2024-06-23T13:00:00+00:00,NOR,4,2.0,19.0,2.219,1238,9539
620,2024-06-23T13:00:00+00:00,HAM,44,3.0,15.0,17.79,1238,9539
621,2024-06-23T13:00:00+00:00,RUS,63,4.0,12.0,22.32,1238,9539
622,2024-06-23T13:00:00+00:00,LEC,16,5.0,10.0,22.709,1238,9539
623,2024-06-23T13:00:00+00:00,SAI,55,6.0,8.0,31.028,1238,9539
624,2024-06-23T13:00:00+00:00,PIA,81,7.0,6.0,33.76,1238,9539
625,2024-06-23T13:00:00+00:00,PER,11,8.0,4.0,59.524,1238,9539
626,2024-06-23T13:00:00+00:00,GAS,10,9.0,2.0,62.025,1238,9539
627,2024-06-23T13:00:00+00:00,OCO,31,10.0,1.0,71.889,1238,9539
628,2024-06-23T13:00:00+00:00,HUL,27,11.0,0.0,79.215,1238,9539
629,2024-06-23T13:00:00+00:00,ALO,14,12.0,0.0,+1 LAP,1238,9539
630,2024-06-23T13:00:00+00:00,ZHO,24,13.0,0.0,+1 LAP,1238,9539
631,2024-06-23T13:00:00+00:00,STR,18,14.0,0.0,+1 LAP,1238,9539
632,2024-06-23T13:00:00+00:00,RIC,3,15.0,0.0,+1 LAP,1238,9539
633,2024-06-23T13:00:00+00:00,BOT,77,16.0,0.0,+1 LAP,1238,9539
634,2024-06-23T13:00:00+00:00,MAG,20,17.0,0.0,+1 LAP,1238,9539
635,2024-06-23T13:00:00+00:00,ALB,23,18.0,0.0,+1 LAP,1238,9539
636,2024-06-23T13:00:00+00:00,TSU,22,19.0,0.0,+1 LAP,1238,9539
637,2024-06-23T13:00:00+00:00,SAR,2,20.0,0.0,+2 LAPS,1238,9539
638,2024-06-30T13:00:00+00:00,RUS,63,1.0,25.0,0,1239,9550
639,2024-06-30T13:00:00+00:00,PIA,81,2.0,18.0,1.906,1239,9550
640,2024-06-30T13:00:00+00:00,SAI,55,3.0,15.0,4.533,1239,9550
641,2024-06-30T13:00:00+00:00,HAM,44,4.0,12.0,23.142,1239,9550
642,2024-06-30T13:00:00+00:00,VER,1,5.0,10.0,37.253,1239,9550
643,2024-06-30T13:00:00+00:00,HUL,27,6.0,8.0,54.088,1239,9550
644,2024-06-30T13:00:00+00:00,PER,11,7.0,6.0,54.672,1239,9550
645,2024-06-30T13:00:00+00:00,MAG,20,8.0,4.0,60.355,1239,9550
646,2024-06-30T13:00:00+00:00,RIC,3,9.0,2.0,61.169,1239,9550
647,2024-06-30T13:00:00+00:00,GAS,10,10.0,1.0,61.766,1239,9550
648,2024-06-30T13:00:00+00:00,LEC,16,11.0,0.0,67.056,1239,9550
649,2024-06-30T13:00:00+00:00,OCO,31,12.0,0.0,68.325,1239,9550
650,2024-06-30T13:00:00+00:00,STR,18,13.0,0.0,+1 LAP,1239,9550
651,2024-06-30T13:00:00+00:00,TSU,22,14.0,0.0,+1 LAP,1239,9550
652,2024-06-30T13:00:00+00:00,ALB,23,15.0,0.0,+1 LAP,1239,9550
653,2024-06-30T13:00:00+00:00,BOT,77,16.0,0.0,+1 LAP,1239,9550
654,2024-06-30T13:00:00+00:00,ZHO,24,17.0,0.0,+1 LAP,1239,9550
655,2024-06-30T13:00:00+00:00,ALO,14,18.0,0.0,+1 LAP,1239,9550
656,2024-06-30T13:00:00+00:00,SAR,2,19.0,0.0,+2 LAPS,1239,9550
657,2024-06-30T13:00:00+00:00,NOR,4,20.0,0.0,+7 LAPS,1239,9550
658,2024-07-07T14:00:00+00:00,HAM,44,1.0,25.0,0,1240,9558
659,2024-07-07T14:00:00+00:00,VER,1,2.0,18.0,1.465,1240,9558
660,2024-07-07T14:00:00+00:00,NOR,4,3.0,15.0,7.547,1240,9558
661,2024-07-07T14:00:00+00:00,PIA,81,4.0,12.0,12.429,1240,9558
662,2024-07-07T14:00:00+00:00,SAI,55,5.0,11.0,47.318,1240,9558
663,2024-07-07T14:00:00+00:00,HUL,27,6.0,8.0,55.722,1240,9558
664,2024-07-07T14:00:00+00:00,STR,18,7.0,6.0,56.569,1240,9558
665,2024-07-07T14:00:00+00:00,ALO,14,8.0,4.0,63.577,1240,9558
666,2024-07-07T14:00:00+00:00,ALB,23,9.0,2.0,68.387,1240,9558
667,2024-07-07T14:00:00+00:00,TSU,22,10.0,1.0,79.303,1240,9558
668,2024-07-07T14:00:00+00:00,SAR,2,11.0,0.0,88.96,1240,9558
669,2024-07-07T14:00:00+00:00,MAG,20,12.0,0.0,90.153,1240,9558
670,2024-07-07T14:00:00+00:00,RIC,3,13.0,0.0,+1 LAP,1240,9558
671,2024-07-07T14:00:00+00:00,LEC,16,14.0,0.0,+1 LAP,1240,9558
672,2024-07-07T14:00:00+00:00,BOT,77,15.0,0.0,+1 LAP,1240,9558
673,2024-07-07T14:00:00+00:00,OCO,31,16.0,0.0,+2 LAPS,1240,9558
674,2024-07-07T14:00:00+00:00,PER,11,17.0,0.0,+2 LAPS,1240,9558
675,2024-07-07T14:00:00+00:00,ZHO,24,18.0,0.0,+2 LAPS,1240,9558
676,2024-07-07T14:00:00+00:00,RUS,63,,0.0,,1240,9558
677,2024-07-07T14:00:00+00:00,GAS,10,,0.0,,1240,9558
678,2024-07-21T13:00:00+00:00,PIA,81,1.0,25.0,0,1241,9566
679,2024-07-21T13:00:00+00:00,NOR,4,2.0,18.0,2.141,1241,9566
680,2024-07-21T13:00:00+00:00,HAM,44,3.0,15.0,14.88,1241,9566
681,2024-07-21T13:00:00+00:00,LEC,16,4.0,12.0,19.686,1241,9566
682,2024-07-21T13:00:00+00:00,VER,1,5.0,10.0,21.349,1241,9566
683,2024-07-21T13:00:00+00:00,SAI,55,6.0,8.0,23.073,1241,9566
684,2024-07-21T13:00:00+00:00,PER,11,7.0,6.0,39.792,1241,9566
685,2024-07-21T13:00:00+00:00,RUS,63,8.0,5.0,42.368,1241,9566
686,2024-07-21T13:00:00+00:00,TSU,22,9.0,2.0,77.259,1241,9566
687,2024-07-21T13:00:00+00:00,STR,18,10.0,1.0,77.976,1241,9566
688,2024-07-21T13:00:00+00:00,ALO,14,11.0,0.0,82.46,1241,9566
689,2024-07-21T13:00:00+00:00,RIC,3,12.0,0.0,+1 LAP,1241,9566
690,2024-07-21T13:00:00+00:00,HUL,27,13.0,0.0,+1 LAP,1241,9566
691,2024-07-21T13:00:00+00:00,ALB,23,14.0,0.0,+1 LAP,1241,9566
692,2024-07-21T13:00:00+00:00,MAG,20,15.0,0.0,+1 LAP,1241,9566
693,2024-07-21T13:00:00+00:00,BOT,77,16.0,0.0,+1 LAP,1241,9566
694,2024-07-21T13:00:00+00:00,SAR,2,17.0,0.0,+1 LAP,1241,9566
695,2024-07-21T13:00:00+00:00,OCO,31,18.0,0.0,+1 LAP,1241,9566
696,2024-07-21T13:00:00+00:00,ZHO,24,19.0,0.0,+1 LAP,1241,9566
697,2024-07-21T13:00:00+00:00,GAS,10,,0.0,,1241,9566
698,2024-07-28T13:00:00+00:00,HAM,44,1.0,25.0,0.0,1242,9574
699,2024-07-28T13:00:00+00:00,PIA,81,2.0,18.0,0.647,1242,9574
700,2024-07-28T13:00:00+00:00,LEC,16,3.0,15.0,8.023,1242,9574
701,2024-07-28T13:00:00+00:00,VER,1,4.0,12.0,8.7,1242,9574
702,2024-07-28T13:00:00+00:00,NOR,4,5.0,10.0,9.324,1242,9574
703,2024-07-28T13:00:00+00:00,SAI,55,6.0,8.0,19.269,1242,9574
704,2024-07-28T13:00:00+00:00,PER,11,7.0,7.0,42.669,1242,9574
705,2024-07-28T13:00:00+00:00,ALO,14,8.0,4.0,49.437,1242,9574
706,2024-07-28T13:00:00+00:00,OCO,31,9.0,2.0,52.026,1242,9574
707,2024-07-28T13:00:00+00:00,RIC,3,10.0,1.0,54.4,1242,9574
708,2024-07-28T13:00:00+00:00,STR,18,11.0,0.0,62.485,1242,9574
709,2024-07-28T13:00:00+00:00,ALB,23,12.0,0.0,63.125,1242,9574
710,2024-07-28T13:00:00+00:00,GAS,10,13.0,0.0,63.839,1242,9574
711,2024-07-28T13:00:00+00:00,MAG,20,14.0,0.0,66.105,1242,9574
712,2024-07-28T13:00:00+00:00,BOT,77,15.0,0.0,70.112,1242,9574
713,2024-07-28T13:00:00+00:00,TSU,22,16.0,0.0,76.211,1242,9574
714,2024-07-28T13:00:00+00:00,SAR,2,17.0,0.0,85.531,1242,9574
715,2024-07-28T13:00:00+00:00,HUL,27,18.0,0.0,88.307,1242,9574
716,2024-07-28T13:00:00+00:00,ZHO,24,,0.0,,1242,9574
717,2024-07-28T13:00:00+00:00,RUS,63,,0.0,,1242,9574
718,2024-08-25T13:00:00+00:00,NOR,4,1.0,26.0,0,1243,9582
719,2024-08-25T13:00:00+00:00,VER,1,2.0,18.0,22.896,1243,9582
720,2024-08-25T13:00:00+00:00,LEC,16,3.0,15.0,25.439,1243,9582
721,2024-08-25T13:00:00+00:00,PIA,81,4.0,12.0,27.337,1243,9582
722,2024-08-25T13:00:00+00:00,SAI,55,5.0,10.0,32.137,1243,9582
723,2024-08-25T13:00:00+00:00,PER,11,6.0,8.0,39.542,1243,9582
724,2024-08-25T13:00:00+00:00,RUS,63,7.0,6.0,44.617,1243,9582
725,2024-08-25T13:00:00+00:00,HAM,44,8.0,4.0,49.599,1243,9582
726,2024-08-25T13:00:00+00:00,GAS,10,9.0,2.0,+1 LAP,1243,9582
727,2024-08-25T13:00:00+00:00,ALO,14,10.0,1.0,+1 LAP,1243,9582
728,2024-08-25T13:00:00+00:00,HUL,27,11.0,0.0,+1 LAP,1243,9582
729,2024-08-25T13:00:00+00:00,RIC,3,12.0,0.0,+1 LAP,1243,9582
730,2024-08-25T13:00:00+00:00,STR,18,13.0,0.0,+1 LAP,1243,9582
731,2024-08-25T13:00:00+00:00,ALB,23,14.0,0.0,+1 LAP,1243,9582
732,2024-08-25T13:00:00+00:00,OCO,31,15.0,0.0,+1 LAP,1243,9582
733,2024-08-25T13:00:00+00:00,SAR,2,16.0,0.0,+1 LAP,1243,9582
734,2024-08-25T13:00:00+00:00,TSU,22,17.0,0.0,+1 LAP,1243,9582
735,2024-08-25T13:00:00+00:00,MAG,20,18.0,0.0,+1 LAP,1243,9582
736,2024-08-25T13:00:00+00:00,BOT,77,19.0,0.0,+2 LAPS,1243,9582
737,2024-08-25T13:00:00+00:00,ZHO,24,20.0,0.0,+2 LAPS,1243,9582
738,2024-09-01T13:00:00+00:00,LEC,16,1.0,25.0,0,1244,9590
739,2024-09-01T13:00:00+00:00,PIA,81,2.0,18.0,2.664,1244,9590
740,2024-09-01T13:00:00+00:00,NOR,4,3.0,16.0,6.153,1244,9590
741,2024-09-01T13:00:00+00:00,SAI,55,4.0,12.0,15.621,1244,9590
742,2024-09-01T13:00:00+00:00,HAM,44,5.0,10.0,22.82,1244,9590
743,2024-09-01T13:00:00+00:00,VER,1,6.0,8.0,37.932,1244,9590
744,2024-09-01T13:00:00+00:00,RUS,63,7.0,6.0,39.715,1244,9590
745,2024-09-01T13:00:00+00:00,PER,11,8.0,4.0,54.148,1244,9590
746,2024-09-01T13:00:00+00:00,ALB,23,9.0,2.0,67.456,1244,9590
747,2024-09-01T13:00:00+00:00,MAG,20,10.0,1.0,68.302,1244,9590
748,2024-09-01T13:00:00+00:00,ALO,14,11.0,0.0,68.495,1244,9590
749,2024-09-01T13:00:00+00:00,COL,43,12.0,0.0,81.308,1244,9590
750,2024-09-01T13:00:00+00:00,RIC,3,13.0,0.0,93.452,1244,9590
751,2024-09-01T13:00:00+00:00,OCO,31,14.0,0.0,+1 LAP,1244,9590
752,2024-09-01T13:00:00+00:00,GAS,10,15.0,0.0,+1 LAP,1244,9590
753,2024-09-01T13:00:00+00:00,BOT,77,16.0,0.0,+1 LAP,1244,9590
754,2024-09-01T13:00:00+00:00,HUL,27,17.0,0.0,+1 LAP,1244,9590
755,2024-09-01T13:00:00+00:00,ZHO,24,18.0,0.0,+1 LAP,1244,9590
756,2024-09-01T13:00:00+00:00,STR,18,19.0,0.0,+1 LAP,1244,9590
757,2024-09-01T13:00:00+00:00,TSU,22,,0.0,,1244,9590
758,2024-09-15T11:00:00+00:00,PIA,81,1.0,25.0,0,1245,9598
759,2024-09-15T11:00:00+00:00,LEC,16,2.0,18.0,10.91,1245,9598
760,2024-09-15T11:00:00+00:00,RUS,63,3.0,15.0,31.328,1245,9598
761,2024-09-15T11:00:00+00:00,NOR,4,4.0,13.0,36.143,1245,9598
762,2024-09-15T11:00:00+00:00,VER,1,5.0,10.0,77.098,1245,9598
763,2024-09-15T11:00:00+00:00,ALO,14,6.0,8.0,85.468,1245,9598
764,2024-09-15T11:00:00+00:00,ALB,23,7.0,6.0,87.396,1245,9598
765,2024-09-15T11:00:00+00:00,COL,43,8.0,4.0,89.541,1245,9598
766,2024-09-15T11:00:00+00:00,HAM,44,9.0,2.0,92.401,1245,9598
767,2024-09-15T11:00:00+00:00,BEA,50,10.0,1.0,93.127,1245,9598
768,2024-09-15T11:00:00+00:00,HUL,27,11.0,0.0,93.465,1245,9598
769,2024-09-15T11:00:00+00:00,GAS,10,12.0,0.0,117.189,1245,9598
770,2024-09-15T11:00:00+00:00,RIC,3,13.0,0.0,146.907,1245,9598
771,2024-09-15T11:00:00+00:00,ZHO,24,14.0,0.0,148.841,1245,9598
772,2024-09-15T11:00:00+00:00,OCO,31,15.0,0.0,+1 LAP,1245,9598
773,2024-09-15T11:00:00+00:00,BOT,77,16.0,0.0,+1 LAP,1245,9598
774,2024-09-15T11:00:00+00:00,PER,11,17.0,0.0,,1245,9598
775,2024-09-15T11:00:00+00:00,SAI,55,18.0,0.0,,1245,9598
776,2024-09-15T11:00:00+00:00,STR,18,19.0,0.0,,1245,9598
777,2024-09-15T11:00:00+00:00,TSU,22,,0.0,,1245,9598
778,2024-09-22T12:00:00+00:00,NOR,4,1.0,25.0,0,1246,9606
779,2024-09-22T12:00:00+00:00,VER,1,2.0,18.0,20.945,1246,9606
780,2024-09-22T12:00:00+00:00,PIA,81,3.0,15.0,41.823,1246,9606
781,2024-09-22T12:00:00+00:00,RUS,63,4.0,12.0,61.04,1246,9606
782,2024-09-22T12:00:00+00:00,LEC,16,5.0,10.0,62.43,1246,9606
783,2024-09-22T12:00:00+00:00,HAM,44,6.0,8.0,85.248,1246,9606
784,2024-09-22T12:00:00+00:00,SAI,55,7.0,6.0,96.039,1246,9606
785,2024-09-22T12:00:00+00:00,ALO,14,8.0,4.0,+1 LAP,1246,9606
786,2024-09-22T12:00:00+00:00,HUL,27,9.0,2.0,+1 LAP,1246,9606
787,2024-09-22T12:00:00+00:00,PER,11,10.0,1.0,+1 LAP,1246,9606
788,2024-09-22T12:00:00+00:00,COL,43,11.0,0.0,+1 LAP,1246,9606
789,2024-09-22T12:00:00+00:00,TSU,22,12.0,0.0,+1 LAP,1246,9606
790,2024-09-22T12:00:00+00:00,OCO,31,13.0,0.0,+1 LAP,1246,9606
791,2024-09-22T12:00:00+00:00,STR,18,14.0,0.0,+1 LAP,1246,9606
792,2024-09-22T12:00:00+00:00,ZHO,24,15.0,0.0,+1 LAP,1246,9606
793,2024-09-22T12:00:00+00:00,BOT,77,16.0,0.0,+1 LAP,1246,9606
794,2024-09-22T12:00:00+00:00,GAS,10,17.0,0.0,+1 LAP,1246,9606
795,2024-09-22T12:00:00+00:00,RIC,3,18.0,0.0,+1 LAP,1246,9606
796,2024-09-22T12:00:00+00:00,MAG,20,19.0,0.0,,1246,9606
797,2024-09-22T12:00:00+00:00,ALB,23,,0.0,,1246,9606
798,2024-10-20T19:00:00+00:00,LEC,16,1.0,25.0,0,1247,9617
799,2024-10-20T19:00:00+00:00,SAI,55,2.0,18.0,8.562,1247,9617
800,2024-10-20T19:00:00+00:00,VER,1,3.0,15.0,19.412,1247,9617
801,2024-10-20T19:00:00+00:00,NOR,4,4.0,12.0,20.354,1247,9617
802,2024-10-20T19:00:00+00:00,PIA,81,5.0,10.0,21.921,1247,9617
803,2024-10-20T19:00:00+00:00,RUS,63,6.0,8.0,56.295,1247,9617
804,2024-10-20T19:00:00+00:00,PER,11,7.0,6.0,59.072,1247,9617
805,2024-10-20T19:00:00+00:00,HUL,27,8.0,4.0,62.957,1247,9617
806,2024-10-20T19:00:00+00:00,LAW,30,9.0,2.0,70.563,1247,9617
807,2024-10-20T19:00:00+00:00,COL,43,10.0,1.0,71.979,1247,9617
808,2024-10-20T19:00:00+00:00,MAG,20,11.0,0.0,79.782,1247,9617
809,2024-10-20T19:00:00+00:00,GAS,10,12.0,0.0,90.558,1247,9617
810,2024-10-20T19:00:00+00:00,ALO,14,13.0,0.0,+1 LAP,1247,9617
811,2024-10-20T19:00:00+00:00,TSU,22,14.0,0.0,+1 LAP,1247,9617
812,2024-10-20T19:00:00+00:00,STR,18,15.0,0.0,+1 LAP,1247,9617
813,2024-10-20T19:00:00+00:00,ALB,23,16.0,0.0,+1 LAP,1247,9617
814,2024-10-20T19:00:00+00:00,BOT,77,17.0,0.0,+1 LAP,1247,9617
815,2024-10-20T19:00:00+00:00,OCO,31,18.0,0.0,+1 LAP,1247,9617
816,2024-10-20T19:00:00+00:00,ZHO,24,19.0,0.0,+1 LAP,1247,9617
817,2024-10-20T19:00:00+00:00,HAM,44,,0.0,,1247,9617
818,2024-10-27T20:00:00+00:00,SAI,55,1.0,25.0,0,1248,9625
819,2024-10-27T20:00:00+00:00,NOR,4,2.0,18.0,4.705,1248,9625
820,2024-10-27T20:00:00+00:00,LEC,16,3.0,16.0,34.387,1248,9625
821,2024-10-27T20:00:00+00:00,HAM,44,4.0,12.0,44.78,1248,9625
822,2024-10-27T20:00:00+00:00,RUS,63,5.0,10.0,48.536,1248,9625
823,2024-10-27T20:00:00+00:00,VER,1,6.0,8.0,59.558,1248,9625
824,2024-10-27T20:00:00+00:00,MAG,20,7.0,6.0,63.642,1248,9625
825,2024-10-27T20:00:00+00:00,PIA,81,8.0,4.0,64.928,1248,9625
826,2024-10-27T20:00:00+00:00,HUL,27,9.0,2.0,+1 LAP,1248,9625
827,2024-10-27T20:00:00+00:00,GAS,10,10.0,1.0,+1 LAP,1248,9625
828,2024-10-27T20:00:00+00:00,STR,18,11.0,0.0,+1 LAP,1248,9625
829,2024-10-27T20:00:00+00:00,COL,43,12.0,0.0,+1 LAP,1248,9625
830,2024-10-27T20:00:00+00:00,OCO,31,13.0,0.0,+1 LAP,1248,9625
831,2024-10-27T20:00:00+00:00,BOT,77,14.0,0.0,+1 LAP,1248,9625
832,2024-10-27T20:00:00+00:00,ZHO,24,15.0,0.0,+1 LAP,1248,9625
833,2024-10-27T20:00:00+00:00,LAW,30,16.0,0.0,+1 LAP,1248,9625
834,2024-10-27T20:00:00+00:00,PER,11,17.0,0.0,+1 LAP,1248,9625
835,2024-10-27T20:00:00+00:00,ALO,14,,0.0,,1248,9625
836,2024-10-27T20:00:00+00:00,ALB,23,,0.0,,1248,9625
837,2024-10-27T20:00:00+00:00,TSU,22,,0.0,,1248,9625
838,2024-11-03T15:30:00+00:00,VER,1,1.0,26.0,0.0,1249,9636
839,2024-11-03T15:30:00+00:00,OCO,31,2.0,18.0,19.477,1249,9636
840,2024-11-03T15:30:00+00:00,GAS,10,3.0,15.0,22.532,1249,9636
841,2024-11-03T15:30:00+00:00,RUS,63,4.0,12.0,23.265,1249,9636
842,2024-11-03T15:30:00+00:00,LEC,16,5.0,10.0,30.177,1249,9636
843,2024-11-03T15:30:00+00:00,NOR,4,6.0,8.0,31.372,1249,9636
844,2024-11-03T15:30:00+00:00,TSU,22,7.0,6.0,42.056,1249,9636
845,2024-11-03T15:30:00+00:00,PIA,81,8.0,4.0,44.943,1249,9636
846,2024-11-03T15:30:00+00:00,LAW,30,9.0,2.0,50.452,1249,9636
847,2024-11-03T15:30:00+00:00,HAM,44,10.0,1.0,50.753,1249,9636
848,2024-11-03T15:30:00+00:00,PER,11,11.0,0.0,51.531,1249,9636
849,2024-11-03T15:30:00+00:00,BEA,50,12.0,0.0,57.085,1249,9636
850,2024-11-03T15:30:00+00:00,BOT,77,13.0,0.0,63.588,1249,9636
851,2024-11-03T15:30:00+00:00,ALO,14,14.0,0.0,78.049,1249,9636
852,2024-11-03T15:30:00+00:00,ZHO,24,15.0,0.0,79.649,1249,9636
853,2024-11-03T15:30:00+00:00,SAI,55,,0.0,,1249,9636
854,2024-11-03T15:30:00+00:00,COL,43,,0.0,,1249,9636
855,2024-11-03T15:30:00+00:00,ALB,23,,0.0,,1249,9636
856,2024-11-03T15:30:00+00:00,STR,18,,0.0,,1249,9636
857,2024-11-03T15:30:00+00:00,HUL,27,,0.0,,1249,9636
858,2024-11-24T06:00:00+00:00,RUS,63,1.0,25.0,0,1250,9644
859,2024-11-24T06:00:00+00:00,HAM,44,2.0,18.0,7.313,1250,9644
860,2024-11-24T06:00:00+00:00,SAI,55,3.0,15.0,11.906,1250,9644
861,2024-11-24T06:00:00+00:00,LEC,16,4.0,12.0,14.283,1250,9644
862,2024-11-24T06:00:00+00:00,VER,1,5.0,10.0,16.582,1250,9644
863,2024-11-24T06:00:00+00:00,NOR,4,6.0,9.0,43.385,1250,9644
864,2024-11-24T06:00:00+00:00,PIA,81,7.0,6.0,51.365,1250,9644
865,2024-11-24T06:00:00+00:00,HUL,27,8.0,4.0,59.808,1250,9644
866,2024-11-24T06:00:00+00:00,TSU,22,9.0,2.0,62.808,1250,9644
867,2024-11-24T06:00:00+00:00,PER,11,10.0,1.0,63.114,1250,9644
868,2024-11-24T06:00:00+00:00,ALO,14,11.0,0.0,69.195,1250,9644
869,2024-11-24T06:00:00+00:00,MAG,20,12.0,0.0,69.803,1250,9644
870,2024-11-24T06:00:00+00:00,ZHO,24,13.0,0.0,74.085,1250,9644
871,2024-11-24T06:00:00+00:00,COL,43,14.0,0.0,75.172,1250,9644
872,2024-11-24T06:00:00+00:00,STR,18,15.0,0.0,84.102,1250,9644
873,2024-11-24T06:00:00+00:00,LAW,30,16.0,0.0,91.005,1250,9644
874,2024-11-24T06:00:00+00:00,OCO,31,17.0,0.0,+1 LAP,1250,9644
875,2024-11-24T06:00:00+00:00,BOT,77,18.0,0.0,+1 LAP,1250,9644
876,2024-11-24T06:00:00+00:00,ALB,23,,0.0,,1250,9644
877,2024-11-24T06:00:00+00:00,GAS,10,,0.0,,1250,9644
878,2024-12-01T16:00:00+00:00,VER,1,1.0,25.0,0,1251,9655
879,2024-12-01T16:00:00+00:00,LEC,16,2.0,18.0,6.031,1251,9655
880,2024-12-01T16:00:00+00:00,PIA,81,3.0,15.0,6.819,1251,9655
881,2024-12-01T16:00:00+00:00,RUS,63,4.0,12.0,14.104,1251,9655
882,2024-12-01T16:00:00+00:00,GAS,10,5.0,10.0,16.782,1251,9655
883,2024-12-01T16:00:00+00:00,SAI,55,6.0,8.0,17.476,1251,9655
884,2024-12-01T16:00:00+00:00,ALO,14,7.0,6.0,19.867,1251,9655
885,2024-12-01T16:00:00+00:00,ZHO,24,8.0,4.0,25.36,1251,9655
886,2024-12-01T16:00:00+00:00,MAG,20,9.0,2.0,32.177,1251,9655
887,2024-12-01T16:00:00+00:00,NOR,4,10.0,2.0,35.762,1251,9655
888,2024-12-01T16:00:00+00:00,BOT,77,11.0,0.0,50.243,1251,9655
889,2024-12-01T16:00:00+00:00,HAM,44,12.0,0.0,56.122,1251,9655
890,2024-12-01T16:00:00+00:00,TSU,22,13.0,0.0,61.1,1251,9655
891,2024-12-01T16:00:00+00:00,LAW,30,14.0,0.0,62.656,1251,9655
892,2024-12-01T16:00:00+00:00,ALB,23,15.0,0.0,+1 LAP,1251,9655
893,2024-12-01T16:00:00+00:00,HUL,27,,0.0,,1251,9655
894,2024-12-01T16:00:00+00:00,PER,11,,0.0,,1251,9655
895,2024-12-01T16:00:00+00:00,STR,18,,0.0,,1251,9655
896,2024-12-01T16:00:00+00:00,COL,43,,0.0,,1251,9655
897,2024-12-01T16:00:00+00:00,OCO,31,,0.0,,1251,9655
898,2024-12-08T13:00:00+00:00,NOR,4,1.0,25.0,0,1252,9662
899,2024-12-08T13:00:00+00:00,SAI,55,2.0,18.0,5.832,1252,9662
900,2024-12-08T13:00:00+00:00,LEC,16,3.0,15.0,31.928,1252,9662
901,2024-12-08T13:00:00+00:00,HAM,44,4.0,12.0,36.483,1252,9662
902,2024-12-08T13:00:00+00:00,RUS,63,5.0,10.0,37.538,1252,9662
903,2024-12-08T13:00:00+00:00,VER,1,6.0,8.0,49.847,1252,9662
904,2024-12-08T13:00:00+00:00,GAS,10,7.0,6.0,72.56,1252,9662
905,2024-12-08T13:00:00+00:00,HUL,27,8.0,4.0,75.554,1252,9662
906,2024-12-08T13:00:00+00:00,ALO,14,9.0,2.0,82.373,1252,9662
907,2024-12-08T13:00:00+00:00,PIA,81,10.0,1.0,83.821,1252,9662
908,2024-12-08T13:00:00+00:00,ALB,23,11.0,0.0,+1 LAP,1252,9662
909,2024-12-08T13:00:00+00:00,TSU,22,12.0,0.0,+1 LAP,1252,9662
910,2024-12-08T13:00:00+00:00,ZHO,24,13.0,0.0,+1 LAP,1252,9662
911,2024-12-08T13:00:00+00:00,STR,18,14.0,0.0,+1 LAP,1252,9662
912,2024-12-08T13:00:00+00:00,DOO,61,15.0,0.0,+1 LAP,1252,9662
913,2024-12-08T13:00:00+00:00,MAG,20,16.0,0.0,+1 LAP,1252,9662
914,2024-12-08T13:00:00+00:00,LAW,30,17.0,0.0,,1252,9662
915,2024-12-08T13:00:00+00:00,BOT,77,,0.0,,1252,9662
916,2024-12-08T13:00:00+00:00,COL,43,,0.0,,1252,9662
917,2024-12-08T13:00:00+00:00,PER,11,,0.0,,1252,9662
918,2025-03-16T04:00:00+00:00,NOR,4,1.0,25.0,0.0,1254,9693
919,2025-03-16T04:00:00+00:00,VER,1,2.0,18.0,0.895,1254,9693
920,2025-03-16T04:00:00+00:00,RUS,63,3.0,15.0,8.481,1254,9693
921,2025-03-16T04:00:00+00:00,ANT,12,4.0,12.0,10.135,1254,9693
922,2025-03-16T04:00:00+00:00,ALB,23,5.0,10.0,12.773,1254,9693
923,2025-03-16T04:00:00+00:00,STR,18,6.0,8.0,17.413,1254,9693
924,2025-03-16T04:00:00+00:00,HUL,27,7.0,6.0,18.423,1254,9693
925,2025-03-16T04:00:00+00:00,LEC,16,8.0,4.0,19.826,1254,9693
926,2025-03-16T04:00:00+00:00,PIA,81,9.0,2.0,20.448,1254,9693
927,2025-03-16T04:00:00+00:00,HAM,44,10.0,1.0,22.473,1254,9693
928,2025-03-16T04:00:00+00:00,GAS,10,11.0,0.0,26.502,1254,9693
929,2025-03-16T04:00:00+00:00,TSU,22,12.0,0.0,29.884,1254,9693
930,2025-03-16T04:00:00+00:00,OCO,31,13.0,0.0,33.161,1254,9693
931,2025-03-16T04:00:00+00:00,BEA,87,14.0,0.0,40.351,1254,9693
932,2025-03-16T04:00:00+00:00,LAW,30,,0.0,,1254,9693
933,2025-03-16T04:00:00+00:00,BOR,5,,0.0,,1254,9693
934,2025-03-16T04:00:00+00:00,ALO,14,,0.0,,1254,9693
935,2025-03-16T04:00:00+00:00,SAI,55,,0.0,,1254,9693
936,2025-03-16T04:00:00+00:00,DOO,7,,0.0,,1254,9693
937,2025-03-16T04:00:00+00:00,HAD,6,,0.0,,1254,9693
938,2025-03-23T07:00:00+00:00,PIA,81,1.0,25.0,0,1255,9998
939,2025-03-23T07:00:00+00:00,NOR,4,2.0,18.0,9.748,1255,9998
940,2025-03-23T07:00:00+00:00,RUS,63,3.0,15.0,11.097,1255,9998
941,2025-03-23T07:00:00+00:00,VER,1,4.0,12.0,16.656,1255,9998
942,2025-03-23T07:00:00+00:00,OCO,31,5.0,10.0,49.969,1255,9998
943,2025-03-23T07:00:00+00:00,ANT,12,6.0,8.0,53.748,1255,9998
944,2025-03-23T07:00:00+00:00,ALB,23,7.0,6.0,56.321,1255,9998
945,2025-03-23T07:00:00+00:00,BEA,87,8.0,4.0,61.303,1255,9998
946,2025-03-23T07:00:00+00:00,STR,18,9.0,2.0,70.204,1255,9998
947,2025-03-23T07:00:00+00:00,SAI,55,10.0,1.0,76.387,1255,9998
948,2025-03-23T07:00:00+00:00,HAD,6,11.0,0.0,78.875,1255,9998
949,2025-03-23T07:00:00+00:00,LAW,30,12.0,0.0,81.147,1255,9998
950,2025-03-23T07:00:00+00:00,DOO,7,13.0,0.0,88.401,1255,9998
951,2025-03-23T07:00:00+00:00,BOR,5,14.0,0.0,+1 LAP,1255,9998
952,2025-03-23T07:00:00+00:00,HUL,27,15.0,0.0,+1 LAP,1255,9998
953,2025-03-23T07:00:00+00:00,TSU,22,16.0,0.0,+1 LAP,1255,9998
954,2025-03-23T07:00:00+00:00,ALO,14,,0.0,,1255,9998
955,2025-03-23T07:00:00+00:00,LEC,16,,0.0,,1255,9998
956,2025-03-23T07:00:00+00:00,HAM,44,,0.0,,1255,9998
957,2025-03-23T07:00:00+00:00,GAS,10,,0.0,,1255,9998
958,2025-04-06T05:00:00+00:00,VER,1,1.0,25.0,0,1256,10006
959,2025-04-06T05:00:00+00:00,NOR,4,2.0,18.0,1.423,1256,10006
960,2025-04-06T05:00:00+00:00,PIA,81,3.0,15.0,2.129,1256,10006
961,2025-04-06T05:00:00+00:00,LEC,16,4.0,12.0,16.097,1256,10006
962,2025-04-06T05:00:00+00:00,RUS,63,5.0,10.0,17.362,1256,10006
963,2025-04-06T05:00:00+00:00,ANT,12,6.0,8.0,18.671,1256,10006
964,2025-04-06T05:00:00+00:00,HAM,44,7.0,6.0,29.182,1256,10006
965,2025-04-06T05:00:00+00:00,HAD,6,8.0,4.0,37.134,1256,10006
966,2025-04-06T05:00:00+00:00,ALB,23,9.0,2.0,40.367,1256,10006
967,2025-04-06T05:00:00+00:00,BEA,87,10.0,1.0,54.529,1256,10006
968,2025-04-06T05:00:00+00:00,ALO,14,11.0,0.0,57.333,1256,10006
969,2025-04-06T05:00:00+00:00,TSU,22,12.0,0.0,58.401,1256,10006
970,2025-04-06T05:00:00+00:00,GAS,10,13.0,0.0,62.122,1256,10006
971,2025-04-06T05:00:00+00:00,SAI,55,14.0,0.0,74.129,1256,10006
972,2025-04-06T05:00:00+00:00,DOO,7,15.0,0.0,81.314,1256,10006
973,2025-04-06T05:00:00+00:00,HUL,27,16.0,0.0,81.957,1256,10006
974,2025-04-06T05:00:00+00:00,LAW,30,17.0,0.0,82.734,1256,10006
975,2025-04-06T05:00:00+00:00,OCO,31,18.0,0.0,83.438,1256,10006
976,2025-04-06T05:00:00+00:00,BOR,5,19.0,0.0,83.897,1256,10006
977,2025-04-06T05:00:00+00:00,STR,18,20.0,0.0,+1 LAP,1256,10006
978,2025-04-13T15:00:00+00:00,PIA,81,1.0,25.0,0.0,1257,10014
979,2025-04-13T15:00:00+00:00,RUS,63,2.0,18.0,15.499,1257,10014
980,2025-04-13T15:00:00+00:00,NOR,4,3.0,15.0,16.273,1257,10014
981,2025-04-13T15:00:00+00:00,LEC,16,4.0,12.0,19.679,1257,10014
982,2025-04-13T15:00:00+00:00,HAM,44,5.0,10.0,27.993,1257,10014
983,2025-04-13T15:00:00+00:00,VER,1,6.0,8.0,34.395,1257,10014
984,2025-04-13T15:00:00+00:00,GAS,10,7.0,6.0,36.002,1257,10014
985,2025-04-13T15:00:00+00:00,OCO,31,8.0,4.0,44.244,1257,10014
986,2025-04-13T15:00:00+00:00,TSU,22,9.0,2.0,45.061,1257,10014
987,2025-04-13T15:00:00+00:00,BEA,87,10.0,1.0,47.594,1257,10014
988,2025-04-13T15:00:00+00:00,ANT,12,11.0,0.0,48.016,1257,10014
989,2025-04-13T15:00:00+00:00,ALB,23,12.0,0.0,48.839,1257,10014
990,2025-04-13T15:00:00+00:00,HAD,6,13.0,0.0,56.314,1257,10014
991,2025-04-13T15:00:00+00:00,DOO,7,14.0,0.0,57.806,1257,10014
992,2025-04-13T15:00:00+00:00,ALO,14,15.0,0.0,60.34,1257,10014
993,2025-04-13T15:00:00+00:00,LAW,30,16.0,0.0,64.435,1257,10014
994,2025-04-13T15:00:00+00:00,STR,18,17.0,0.0,65.489,1257,10014
995,2025-04-13T15:00:00+00:00,BOR,5,18.0,0.0,66.872,1257,10014
996,2025-04-13T15:00:00+00:00,SAI,55,,0.0,,1257,10014
997,2025-04-13T15:00:00+00:00,HUL,27,,0.0,,1257,10014
998,2025-04-20T17:00:00+00:00,PIA,81,1.0,25.0,0,1258,10022
999,2025-04-20T17:00:00+00:00,VER,1,2.0,18.0,2.843,1258,10022
1000,2025-04-20T17:00:00+00:00,LEC,16,3.0,15.0,8.104,1258,10022
1001,2025-04-20T17:00:00+00:00,NOR,4,4.0,12.0,9.196,1258,10022
1002,2025-04-20T17:00:00+00:00,RUS,63,5.0,10.0,27.236,1258,10022
1003,2025-04-20T17:00:00+00:00,ANT,12,6.0,8.0,34.688,1258,10022
1004,2025-04-20T17:00:00+00:00,HAM,44,7.0,6.0,39.073,1258,10022
1005,2025-04-20T17:00:00+00:00,SAI,55,8.0,4.0,64.63,1258,10022
1006,2025-04-20T17:00:00+00:00,ALB,23,9.0,2.0,66.515,1258,10022
1007,2025-04-20T17:00:00+00:00,HAD,6,10.0,1.0,67.091,1258,10022
1008,2025-04-20T17:00:00+00:00,ALO,14,11.0,0.0,75.917,1258,10022
1009,2025-04-20T17:00:00+00:00,LAW,30,12.0,0.0,78.451,1258,10022
1010,2025-04-20T17:00:00+00:00,BEA,87,13.0,0.0,79.194,1258,10022
1011,2025-04-20T17:00:00+00:00,OCO,31,14.0,0.0,99.723,1258,10022
1012,2025-04-20T17:00:00+00:00,HUL,27,15.0,0.0,+1 LAP,1258,10022
1013,2025-04-20T17:00:00+00:00,STR,18,16.0,0.0,+1 LAP,1258,10022
1014,2025-04-20T17:00:00+00:00,DOO,7,17.0,0.0,+1 LAP,1258,10022
1015,2025-04-20T17:00:00+00:00,BOR,5,18.0,0.0,+1 LAP,1258,10022
1016,2025-04-20T17:00:00+00:00,TSU,22,,0.0,,1258,10022
1017,2025-04-20T17:00:00+00:00,GAS,10,,0.0,,1258,10022
1018,2025-05-04T20:00:00+00:00,PIA,81,1.0,25.0,0,1259,10033
1019,2025-05-04T20:00:00+00:00,NOR,4,2.0,18.0,4.63,1259,10033
1020,2025-05-04T20:00:00+00:00,RUS,63,3.0,15.0,37.644,1259,10033
1021,2025-05-04T20:00:00+00:00,VER,1,4.0,12.0,39.956,1259,10033
1022,2025-05-04T20:00:00+00:00,ALB,23,5.0,10.0,48.067,1259,10033
1023,2025-05-04T20:00:00+00:00,ANT,12,6.0,8.0,55.502,1259,10033
1024,2025-05-04T20:00:00+00:00,LEC,16,7.0,6.0,57.036,1259,10033
1025,2025-05-04T20:00:00+00:00,HAM,44,8.0,4.0,60.186,1259,10033
1026,2025-05-04T20:00:00+00:00,SAI,55,9.0,2.0,60.577,1259,10033
1027,2025-05-04T20:00:00+00:00,TSU,22,10.0,1.0,74.434,1259,10033
1028,2025-05-04T20:00:00+00:00,HAD,6,11.0,0.0,74.602,1259,10033
1029,2025-05-04T20:00:00+00:00,OCO,31,12.0,0.0,82.006,1259,10033
1030,2025-05-04T20:00:00+00:00,GAS,10,13.0,0.0,90.445,1259,10033
1031,2025-05-04T20:00:00+00:00,HUL,27,14.0,0.0,+1 LAP,1259,10033
1032,2025-05-04T20:00:00+00:00,ALO,14,15.0,0.0,+1 LAP,1259,10033
1033,2025-05-04T20:00:00+00:00,STR,18,16.0,0.0,+1 LAP,1259,10033
1034,2025-05-04T20:00:00+00:00,LAW,30,,0.0,,1259,10033
1035,2025-05-04T20:00:00+00:00,BOR,5,,0.0,,1259,10033
1036,2025-05-04T20:00:00+00:00,BEA,87,,0.0,,1259,10033
1037,2025-05-04T20:00:00+00:00,DOO,7,,0.0,,1259,10033
1038,2025-05-18T13:00:00+00:00,VER,1,1.0,25.0,0.0,1260,9987
1039,2025-05-18T13:00:00+00:00,NOR,4,2.0,18.0,6.109,1260,9987
1040,2025-05-18T13:00:00+00:00,PIA,81,3.0,15.0,12.956,1260,9987
1041,2025-05-18T13:00:00+00:00,HAM,44,4.0,12.0,14.356,1260,9987
1042,2025-05-18T13:00:00+00:00,ALB,23,5.0,10.0,17.945,1260,9987
1043,2025-05-18T13:00:00+00:00,LEC,16,6.0,8.0,20.774,1260,9987
1044,2025-05-18T13:00:00+00:00,RUS,63,7.0,6.0,22.034,1260,9987
1045,2025-05-18T13:00:00+00:00,SAI,55,8.0,4.0,22.898,1260,9987
1046,2025-05-18T13:00:00+00:00,HAD,6,9.0,2.0,23.586,1260,9987
1047,2025-05-18T13:00:00+00:00,TSU,22,10.0,1.0,26.446,1260,9987
1048,2025-05-18T13:00:00+00:00,ALO,14,11.0,0.0,27.25,1260,9987
1049,2025-05-18T13:00:00+00:00,HUL,27,12.0,0.0,30.296,1260,9987
1050,2025-05-18T13:00:00+00:00,GAS,10,13.0,0.0,31.424,1260,9987
1051,2025-05-18T13:00:00+00:00,LAW,30,14.0,0.0,32.511,1260,9987
1052,2025-05-18T13:00:00+00:00,STR,18,15.0,0.0,32.993,1260,9987
1053,2025-05-18T13:00:00+00:00,COL,43,16.0,0.0,33.411,1260,9987
1054,2025-05-18T13:00:00+00:00,BEA,87,17.0,0.0,33.808,1260,9987
1055,2025-05-18T13:00:00+00:00,BOR,5,18.0,0.0,38.572,1260,9987
1056,2025-05-18T13:00:00+00:00,ANT,12,,0.0,,1260,9987
1057,2025-05-18T13:00:00+00:00,OCO,31,,0.0,,1260,9987
1058,2025-05-25T13:00:00+00:00,NOR,4,1.0,25.0,0,1261,9979
1059,2025-05-25T13:00:00+00:00,LEC,16,2.0,18.0,3.131,1261,9979
1060,2025-05-25T13:00:00+00:00,PIA,81,3.0,15.0,3.658,1261,9979
1061,2025-05-25T13:00:00+00:00,VER,1,4.0,12.0,20.572,1261,9979
1062,2025-05-25T13:00:00+00:00,HAM,44,5.0,10.0,51.387,1261,9979
1063,2025-05-25T13:00:00+00:00,HAD,6,6.0,8.0,+1 LAP,1261,9979
1064,2025-05-25T13:00:00+00:00,OCO,31,7.0,6.0,+1 LAP,1261,9979
1065,2025-05-25T13:00:00+00:00,LAW,30,8.0,4.0,+1 LAP,1261,9979
1066,2025-05-25T13:00:00+00:00,ALB,23,9.0,2.0,+2 LAPS,1261,9979
1067,2025-05-25T13:00:00+00:00,SAI,55,10.0,1.0,+2 LAPS,1261,9979
1068,2025-05-25T13:00:00+00:00,RUS,63,11.0,0.0,+2 LAPS,1261,9979
1069,2025-05-25T13:00:00+00:00,BEA,87,12.0,0.0,+2 LAPS,1261,9979
1070,2025-05-25T13:00:00+00:00,COL,43,13.0,0.0,+2 LAPS,1261,9979
1071,2025-05-25T13:00:00+00:00,BOR,5,14.0,0.0,+2 LAPS,1261,9979
1072,2025-05-25T13:00:00+00:00,STR,18,15.0,0.0,+2 LAPS,1261,9979
1073,2025-05-25T13:00:00+00:00,HUL,27,16.0,0.0,+2 LAPS,1261,9979
1074,2025-05-25T13:00:00+00:00,TSU,22,17.0,0.0,+2 LAPS,1261,9979
1075,2025-05-25T13:00:00+00:00,ANT,12,18.0,0.0,+3 LAPS,1261,9979
1076,2025-05-25T13:00:00+00:00,ALO,14,,0.0,,1261,9979
1077,2025-05-25T13:00:00+00:00,GAS,10,,0.0,,1261,9979
1078,2025-06-01T13:00:00+00:00,PIA,81,1.0,25.0,0.0,1262,9971
1079,2025-06-01T13:00:00+00:00,NOR,4,2.0,18.0,2.471,1262,9971
1080,2025-06-01T13:00:00+00:00,LEC,16,3.0,15.0,10.455,1262,9971
1081,2025-06-01T13:00:00+00:00,RUS,63,4.0,12.0,11.359,1262,9971
1082,2025-06-01T13:00:00+00:00,HUL,27,5.0,10.0,13.648,1262,9971
1083,2025-06-01T13:00:00+00:00,HAM,44,6.0,8.0,15.508,1262,9971
1084,2025-06-01T13:00:00+00:00,HAD,6,7.0,6.0,16.022,1262,9971
1085,2025-06-01T13:00:00+00:00,GAS,10,8.0,4.0,17.882,1262,9971
1086,2025-06-01T13:00:00+00:00,ALO,14,9.0,2.0,21.564,1262,9971
1087,2025-06-01T13:00:00+00:00,VER,1,10.0,1.0,21.826,1262,9971
1088,2025-06-01T13:00:00+00:00,LAW,30,11.0,0.0,25.532,1262,9971
1089,2025-06-01T13:00:00+00:00,BOR,5,12.0,0.0,25.996,1262,9971
1090,2025-06-01T13:00:00+00:00,TSU,22,13.0,0.0,28.822,1262,9971
1091,2025-06-01T13:00:00+00:00,SAI,55,14.0,0.0,29.309,1262,9971
1092,2025-06-01T13:00:00+00:00,COL,43,15.0,0.0,31.381,1262,9971
1093,2025-06-01T13:00:00+00:00,OCO,31,16.0,0.0,32.197,1262,9971
1094,2025-06-01T13:00:00+00:00,BEA,87,17.0,0.0,37.065,1262,9971
1095,2025-06-01T13:00:00+00:00,ANT,12,,0.0,,1262,9971
1096,2025-06-01T13:00:00+00:00,ALB,23,,0.0,,1262,9971
1097,2025-06-15T18:00:00+00:00,RUS,63,1.0,25.0,0,1263,9963
1098,2025-06-15T18:00:00+00:00,VER,1,2.0,18.0,0.228,1263,9963
1099,2025-06-15T18:00:00+00:00,ANT,12,3.0,15.0,1.014,1263,9963
1100,2025-06-15T18:00:00+00:00,PIA,81,4.0,12.0,2.109,1263,9963
1101,2025-06-15T18:00:00+00:00,LEC,16,5.0,10.0,3.442,1263,9963
1102,2025-06-15T18:00:00+00:00,HAM,44,6.0,8.0,10.713,1263,9963
1103,2025-06-15T18:00:00+00:00,ALO,14,7.0,6.0,10.972,1263,9963
1104,2025-06-15T18:00:00+00:00,HUL,27,8.0,4.0,15.364,1263,9963
1105,2025-06-15T18:00:00+00:00,OCO,31,9.0,2.0,+1 LAP,1263,9963
1106,2025-06-15T18:00:00+00:00,SAI,55,10.0,1.0,+1 LAP,1263,9963
1107,2025-06-15T18:00:00+00:00,BEA,87,11.0,0.0,+1 LAP,1263,9963
1108,2025-06-15T18:00:00+00:00,TSU,22,12.0,0.0,+1 LAP,1263,9963
1109,2025-06-15T18:00:00+00:00,COL,43,13.0,0.0,+1 LAP,1263,9963
1110,2025-06-15T18:00:00+00:00,BOR,5,14.0,0.0,+1 LAP,1263,9963
1111,2025-06-15T18:00:00+00:00,GAS,10,15.0,0.0,+1 LAP,1263,9963
1112,2025-06-15T18:00:00+00:00,HAD,6,16.0,0.0,+1 LAP,1263,9963
1113,2025-06-15T18:00:00+00:00,STR,18,17.0,0.0,+1 LAP,1263,9963
1114,2025-06-15T18:00:00+00:00,NOR,4,18.0,0.0,,1263,9963
1115,2025-06-15T18:00:00+00:00,LAW,30,,0.0,,1263,9963
1116,2025-06-15T18:00:00+00:00,ALB,23,,0.0,,1263,9963
1117,2025-06-29T13:00:00+00:00,NOR,4,1.0,25.0,0,1264,9955
1118,2025-06-29T13:00:00+00:00,PIA,81,2.0,18.0,2.695,1264,9955
1119,2025-06-29T13:00:00+00:00,LEC,16,3.0,15.0,19.82,1264,9955
1120,2025-06-29T13:00:00+00:00,HAM,44,4.0,12.0,29.02,1264,9955
1121,2025-06-29T13:00:00+00:00,RUS,63,5.0,10.0,62.396,1264,9955
1122,2025-06-29T13:00:00+00:00,LAW,30,6.0,8.0,67.754,1264,9955
1123,2025-06-29T13:00:00+00:00,ALO,14,7.0,6.0,+1 LAP,1264,9955
1124,2025-06-29T13:00:00+00:00,BOR,5,8.0,4.0,+1 LAP,1264,9955
1125,2025-06-29T13:00:00+00:00,HUL,27,9.0,2.0,+1 LAP,1264,9955
1126,2025-06-29T13:00:00+00:00,OCO,31,10.0,1.0,+1 LAP,1264,9955
1127,2025-06-29T13:00:00+00:00,BEA,87,11.0,0.0,+1 LAP,1264,9955
1128,2025-06-29T13:00:00+00:00,HAD,6,12.0,0.0,+1 LAP,1264,9955
1129,2025-06-29T13:00:00+00:00,GAS,10,13.0,0.0,+1 LAP,1264,9955
1130,2025-06-29T13:00:00+00:00,STR,18,14.0,0.0,+1 LAP,1264,9955
1131,2025-06-29T13:00:00+00:00,COL,43,15.0,0.0,+1 LAP,1264,9955
1132,2025-06-29T13:00:00+00:00,TSU,22,16.0,0.0,+2 LAPS,1264,9955
1133,2025-06-29T13:00:00+00:00,ALB,23,,0.0,,1264,9955
1134,2025-06-29T13:00:00+00:00,VER,1,,0.0,,1264,9955
1135,2025-06-29T13:00:00+00:00,ANT,12,,0.0,,1264,9955
1136,2025-06-29T13:00:00+00:00,SAI,55,,0.0,,1264,9955
1137,2025-07-06T14:00:00+00:00,NOR,4,1.0,25.0,0,1277,9947
1138,2025-07-06T14:00:00+00:00,PIA,81,2.0,18.0,6.812,1277,9947
1139,2025-07-06T14:00:00+00:00,HUL,27,3.0,15.0,34.742,1277,9947
1140,2025-07-06T14:00:00+00:00,HAM,44,4.0,12.0,39.812,1277,9947
1141,2025-07-06T14:00:00+00:00,VER,1,5.0,10.0,56.781,1277,9947
1142,2025-07-06T14:00:00+00:00,GAS,10,6.0,8.0,59.857,1277,9947
1143,2025-07-06T14:00:00+00:00,STR,18,7.0,6.0,60.603,1277,9947
1144,2025-07-06T14:00:00+00:00,ALB,23,8.0,4.0,64.135,1277,9947
1145,2025-07-06T14:00:00+00:00,ALO,14,9.0,2.0,65.858,1277,9947
1146,2025-07-06T14:00:00+00:00,RUS,63,10.0,1.0,70.674,1277,9947
1147,2025-07-06T14:00:00+00:00,BEA,87,11.0,0.0,72.095,1277,9947
1148,2025-07-06T14:00:00+00:00,SAI,55,12.0,0.0,76.592,1277,9947
1149,2025-07-06T14:00:00+00:00,OCO,31,13.0,0.0,77.301,1277,9947
1150,2025-07-06T14:00:00+00:00,LEC,16,14.0,0.0,84.477,1277,9947
1151,2025-07-06T14:00:00+00:00,TSU,22,15.0,0.0,+1 LAP,1277,9947
1152,2025-07-06T14:00:00+00:00,ANT,12,,0.0,,1277,9947
1153,2025-07-06T14:00:00+00:00,HAD,6,,0.0,,1277,9947
1154,2025-07-06T14:00:00+00:00,BOR,5,,0.0,,1277,9947
1155,2025-07-06T14:00:00+00:00,LAW,30,,0.0,,1277,9947
1156,2025-07-06T14:00:00+00:00,COL,43,,0.0,,1277,9947
1157,2025-07-27T13:00:00+00:00,PIA,81,1.0,25.0,0,1265,9939
1158,2025-07-27T13:00:00+00:00,NOR,4,2.0,18.0,3.415,1265,9939
1159,2025-07-27T13:00:00+00:00,LEC,16,3.0,15.0,20.185,1265,9939
1160,2025-07-27T13:00:00+00:00,VER,1,4.0,12.0,21.731,1265,9939
1161,2025-07-27T13:00:00+00:00,RUS,63,5.0,10.0,34.863,1265,9939
1162,2025-07-27T13:00:00+00:00,ALB,23,6.0,8.0,39.926,1265,9939
1163,2025-07-27T13:00:00+00:00,HAM,44,7.0,6.0,40.679,1265,9939
1164,2025-07-27T13:00:00+00:00,LAW,30,8.0,4.0,52.033,1265,9939
1165,2025-07-27T13:00:00+00:00,BOR,5,9.0,2.0,56.434,1265,9939
1166,2025-07-27T13:00:00+00:00,GAS,10,10.0,1.0,72.714,1265,9939
1167,2025-07-27T13:00:00+00:00,BEA,87,11.0,0.0,73.145,1265,9939
1168,2025-07-27T13:00:00+00:00,HUL,27,12.0,0.0,73.628,1265,9939
1169,2025-07-27T13:00:00+00:00,TSU,22,13.0,0.0,75.395,1265,9939
1170,2025-07-27T13:00:00+00:00,STR,18,14.0,0.0,79.831,1265,9939
1171,2025-07-27T13:00:00+00:00,OCO,31,15.0,0.0,86.063,1265,9939
1172,2025-07-27T13:00:00+00:00,ANT,12,16.0,0.0,86.721,1265,9939
1173,2025-07-27T13:00:00+00:00,ALO,14,17.0,0.0,87.924,1265,9939
1174,2025-07-27T13:00:00+00:00,SAI,55,18.0,0.0,92.024,1265,9939
1175,2025-07-27T13:00:00+00:00,COL,43,19.0,0.0,95.25,1265,9939
1176,2025-07-27T13:00:00+00:00,HAD,6,20.0,0.0,+1 LAP,1265,9939
1177,2025-08-03T13:00:00+00:00,NOR,4,1.0,25.0,0,1266,9928
1178,2025-08-03T13:00:00+00:00,PIA,81,2.0,18.0,0.698,1266,9928
1179,2025-08-03T13:00:00+00:00,RUS,63,3.0,15.0,21.916,1266,9928
1180,2025-08-03T13:00:00+00:00,LEC,16,4.0,12.0,42.56,1266,9928
1181,2025-08-03T13:00:00+00:00,ALO,14,5.0,10.0,59.04,1266,9928
1182,2025-08-03T13:00:00+00:00,BOR,5,6.0,8.0,66.169,1266,9928
1183,2025-08-03T13:00:00+00:00,STR,18,7.0,6.0,68.174,1266,9928
1184,2025-08-03T13:00:00+00:00,LAW,30,8.0,4.0,69.451,1266,9928
1185,2025-08-03T13:00:00+00:00,VER,1,9.0,2.0,72.645,1266,9928
1186,2025-08-03T13:00:00+00:00,ANT,12,10.0,1.0,+1 LAP,1266,9928
1187,2025-08-03T13:00:00+00:00,HAD,6,11.0,0.0,+1 LAP,1266,9928
1188,2025-08-03T13:00:00+00:00,HAM,44,12.0,0.0,+1 LAP,1266,9928
1189,2025-08-03T13:00:00+00:00,HUL,27,13.0,0.0,+1 LAP,1266,9928
1190,2025-08-03T13:00:00+00:00,SAI,55,14.0,0.0,+1 LAP,1266,9928
1191,2025-08-03T13:00:00+00:00,ALB,23,15.0,0.0,+1 LAP,1266,9928
1192,2025-08-03T13:00:00+00:00,OCO,31,16.0,0.0,+1 LAP,1266,9928
1193,2025-08-03T13:00:00+00:00,TSU,22,17.0,0.0,+1 LAP,1266,9928
1194,2025-08-03T13:00:00+00:00,COL,43,18.0,0.0,+1 LAP,1266,9928
1195,2025-08-03T13:00:00+00:00,GAS,10,19.0,0.0,+1 LAP,1266,9928
1196,2025-08-03T13:00:00+00:00,BEA,87,,0.0,,1266,9928
1197,2025-08-31T13:00:00+00:00,PIA,81,1.0,25.0,0.0,1267,9920
1198,2025-08-31T13:00:00+00:00,VER,1,2.0,18.0,1.271,1267,9920
1199,2025-08-31T13:00:00+00:00,HAD,6,3.0,15.0,3.233,1267,9920
1200,2025-08-31T13:00:00+00:00,RUS,63,4.0,12.0,5.654,1267,9920
1201,2025-08-31T13:00:00+00:00,ALB,23,5.0,10.0,6.327,1267,9920
1202,2025-08-31T13:00:00+00:00,BEA,87,6.0,8.0,9.044,1267,9920
1203,2025-08-31T13:00:00+00:00,STR,18,7.0,6.0,9.497,1267,9920
1204,2025-08-31T13:00:00+00:00,ALO,14,8.0,4.0,11.709,1267,9920
1205,2025-08-31T13:00:00+00:00,TSU,22,9.0,2.0,13.597,1267,9920
1206,2025-08-31T13:00:00+00:00,OCO,31,10.0,1.0,14.063,1267,9920
1207,2025-08-31T13:00:00+00:00,COL,43,11.0,0.0,14.511,1267,9920
1208,2025-08-31T13:00:00+00:00,LAW,30,12.0,0.0,17.063,1267,9920
1209,2025-08-31T13:00:00+00:00,SAI,55,13.0,0.0,17.376,1267,9920
1210,2025-08-31T13:00:00+00:00,HUL,27,14.0,0.0,19.725,1267,9920
1211,2025-08-31T13:00:00+00:00,BOR,5,15.0,0.0,21.565,1267,9920
1212,2025-08-31T13:00:00+00:00,ANT,12,16.0,0.0,22.029,1267,9920
1213,2025-08-31T13:00:00+00:00,GAS,10,17.0,0.0,23.629,1267,9920
1214,2025-08-31T13:00:00+00:00,NOR,4,18.0,0.0,,1267,9920
1215,2025-08-31T13:00:00+00:00,LEC,16,,0.0,,1267,9920
1216,2025-08-31T13:00:00+00:00,HAM,44,,0.0,,1267,9920
1217,2025-09-07T13:00:00+00:00,VER,1,1.0,25.0,0,1268,9912
1218,2025-09-07T13:00:00+00:00,NOR,4,2.0,18.0,19.207,1268,9912
1219,2025-09-07T13:00:00+00:00,PIA,81,3.0,15.0,21.351,1268,9912
1220,2025-09-07T13:00:00+00:00,LEC,16,4.0,12.0,25.624,1268,9912
1221,2025-09-07T13:00:00+00:00,RUS,63,5.0,10.0,32.881,1268,9912
1222,2025-09-07T13:00:00+00:00,HAM,44,6.0,8.0,37.449,1268,9912
1223,2025-09-07T13:00:00+00:00,ALB,23,7.0,6.0,50.537,1268,9912
1224,2025-09-07T13:00:00+00:00,BOR,5,8.0,4.0,58.484,1268,9912
1225,2025-09-07T13:00:00+00:00,ANT,12,9.0,2.0,59.762,1268,9912
1226,2025-09-07T13:00:00+00:00,HAD,6,10.0,1.0,63.891,1268,9912
1227,2025-09-07T13:00:00+00:00,SAI,55,11.0,0.0,64.469,1268,9912
1228,2025-09-07T13:00:00+00:00,BEA,87,12.0,0.0,79.288,1268,9912
1229,2025-09-07T13:00:00+00:00,TSU,22,13.0,0.0,80.701,1268,9912
1230,2025-09-07T13:00:00+00:00,LAW,30,14.0,0.0,82.351,1268,9912
1231,2025-09-07T13:00:00+00:00,OCO,31,15.0,0.0,+1 LAP,1268,9912
1232,2025-09-07T13:00:00+00:00,GAS,10,16.0,0.0,+1 LAP,1268,9912
1233,2025-09-07T13:00:00+00:00,COL,43,17.0,0.0,+1 LAP,1268,9912
1234,2025-09-07T13:00:00+00:00,STR,18,18.0,0.0,+1 LAP,1268,9912
1235,2025-09-07T13:00:00+00:00,ALO,14,,0.0,,1268,9912
1236,2025-09-07T13:00:00+00:00,HUL,27,,0.0,,1268,9912
1237,2025-09-21T11:00:00+00:00,VER,1,1.0,25.0,0,1269,9904
1238,2025-09-21T11:00:00+00:00,RUS,63,2.0,18.0,14.609,1269,9904
1239,2025-09-21T11:00:00+00:00,SAI,55,3.0,15.0,19.199,1269,9904
1240,2025-09-21T11:00:00+00:00,ANT,12,4.0,12.0,21.76,1269,9904
1241,2025-09-21T11:00:00+00:00,LAW,30,5.0,10.0,33.29,1269,9904
1242,2025-09-21T11:00:00+00:00,TSU,22,6.0,8.0,33.808,1269,9904
1243,2025-09-21T11:00:00+00:00,NOR,4,7.0,6.0,34.227,1269,9904
1244,2025-09-21T11:00:00+00:00,HAM,44,8.0,4.0,36.31,1269,9904
1245,2025-09-21T11:00:00+00:00,LEC,16,9.0,2.0,36.774,1269,9904
1246,2025-09-21T11:00:00+00:00,HAD,6,10.0,1.0,38.982,1269,9904
1247,2025-09-21T11:00:00+00:00,BOR,5,11.0,0.0,67.606,1269,9904
1248,2025-09-21T11:00:00+00:00,BEA,87,12.0,0.0,68.262,1269,9904
1249,2025-09-21T11:00:00+00:00,ALB,23,13.0,0.0,72.87,1269,9904
1250,2025-09-21T11:00:00+00:00,OCO,31,14.0,0.0,77.58,1269,9904
1251,2025-09-21T11:00:00+00:00,ALO,14,15.0,0.0,78.707,1269,9904
1252,2025-09-21T11:00:00+00:00,HUL,27,16.0,0.0,80.237,1269,9904
1253,2025-09-21T11:00:00+00:00,STR,18,17.0,0.0,96.392,1269,9904
1254,2025-09-21T11:00:00+00:00,GAS,10,18.0,0.0,+1 LAP,1269,9904
1255,2025-09-21T11:00:00+00:00,COL,43,19.0,0.0,+1 LAP,1269,9904
1256,2025-09-21T11:00:00+00:00,PIA,81,,0.0,,1269,9904
1257,2025-10-05T12:00:00+00:00,RUS,63,1.0,25.0,0,1270,9896
1258,2025-10-05T12:00:00+00:00,VER,1,2.0,18.0,5.43,1270,9896
1259,2025-10-05T12:00:00+00:00,NOR,4,3.0,15.0,6.066,1270,9896
1260,2025-10-05T12:00:00+00:00,PIA,81,4.0,12.0,8.146,1270,9896
1261,2025-10-05T12:00:00+00:00,ANT,12,5.0,10.0,33.681,1270,9896
1262,2025-10-05T12:00:00+00:00,LEC,16,6.0,8.0,45.996,1270,9896
1263,2025-10-05T12:00:00+00:00,ALO,14,7.0,6.0,80.667,1270,9896
1264,2025-10-05T12:00:00+00:00,HAM,44,8.0,4.0,85.251,1270,9896
1265,2025-10-05T12:00:00+00:00,BEA,87,9.0,2.0,93.527,1270,9896
1266,2025-10-05T12:00:00+00:00,SAI,55,10.0,1.0,+1 LAP,1270,9896
1267,2025-10-05T12:00:00+00:00,HAD,6,11.0,0.0,+1 LAP,1270,9896
1268,2025-10-05T12:00:00+00:00,TSU,22,12.0,0.0,+1 LAP,1270,9896
1269,2025-10-05T12:00:00+00:00,STR,18,13.0,0.0,+1 LAP,1270,9896
1270,2025-10-05T12:00:00+00:00,ALB,23,14.0,0.0,+1 LAP,1270,9896
1271,2025-10-05T12:00:00+00:00,LAW,30,15.0,0.0,+1 LAP,1270,9896
1272,2025-10-05T12:00:00+00:00,COL,43,16.0,0.0,+1 LAP,1270,9896
1273,2025-10-05T12:00:00+00:00,BOR,5,17.0,0.0,+1 LAP,1270,9896
1274,2025-10-05T12:00:00+00:00,OCO,31,18.0,0.0,+1 LAP,1270,9896
1275,2025-10-05T12:00:00+00:00,GAS,10,19.0,0.0,+1 LAP,1270,9896
1276,2025-10-05T12:00:00+00:00,HUL,27,20.0,0.0,+1 LAP,1270,9896
1277,2025-10-19T19:00:00+00:00,VER,1,1.0,25.0,0,1271,9888
1278,2025-10-19T19:00:00+00:00,NOR,4,2.0,18.0,7.959,1271,9888
1279,2025-10-19T19:00:00+00:00,LEC,16,3.0,15.0,15.373,1271,9888
1280,2025-10-19T19:00:00+00:00,HAM,44,4.0,12.0,28.536,1271,9888
1281,2025-10-19T19:00:00+00:00,PIA,81,5.0,10.0,29.678,1271,9888
1282,2025-10-19T19:00:00+00:00,RUS,63,6.0,8.0,33.456,1271,9888
1283,2025-10-19T19:00:00+00:00,TSU,22,7.0,6.0,52.714,1271,9888
1284,2025-10-19T19:00:00+00:00,HUL,27,8.0,4.0,57.249,1271,9888
1285,2025-10-19T19:00:00+00:00,BEA,87,9.0,2.0,64.722,1271,9888
1286,2025-10-19T19:00:00+00:00,ALO,14,10.0,1.0,70.001,1271,9888
1287,2025-10-19T19:00:00+00:00,LAW,30,11.0,0.0,73.209,1271,9888
1288,2025-10-19T19:00:00+00:00,STR,18,12.0,0.0,74.778,1271,9888
1289,2025-10-19T19:00:00+00:00,ANT,12,13.0,0.0,75.746,1271,9888
1290,2025-10-19T19:00:00+00:00,ALB,23,14.0,0.0,80.0,1271,9888
1291,2025-10-19T19:00:00+00:00,OCO,31,15.0,0.0,83.043,1271,9888
1292,2025-10-19T19:00:00+00:00,HAD,6,16.0,0.0,92.807,1271,9888
1293,2025-10-19T19:00:00+00:00,COL,43,17.0,0.0,+1 LAP,1271,9888
1294,2025-10-19T19:00:00+00:00,BOR,5,18.0,0.0,+1 LAP,1271,9888
1295,2025-10-19T19:00:00+00:00,GAS,10,19.0,0.0,+1 LAP,1271,9888
1296,2025-10-19T19:00:00+00:00,SAI,55,,0.0,,1271,9888
1297,2025-10-26T20:00:00+00:00,NOR,4,1.0,25.0,0,1272,9877
1298,2025-10-26T20:00:00+00:00,LEC,16,2.0,18.0,30.324,1272,9877
1299,2025-10-26T20:00:00+00:00,VER,1,3.0,15.0,31.049,1272,9877
1300,2025-10-26T20:00:00+00:00,BEA,87,4.0,12.0,40.955,1272,9877
1301,2025-10-26T20:00:00+00:00,PIA,81,5.0,10.0,42.065,1272,9877
1302,2025-10-26T20:00:00+00:00,ANT,12,6.0,8.0,47.837,1272,9877
1303,2025-10-26T20:00:00+00:00,RUS,63,7.0,6.0,50.287,1272,9877
1304,2025-10-26T20:00:00+00:00,HAM,44,8.0,4.0,56.446,1272,9877
1305,2025-10-26T20:00:00+00:00,OCO,31,9.0,2.0,75.464,1272,9877
1306,2025-10-26T20:00:00+00:00,BOR,5,10.0,1.0,76.863,1272,9877
1307,2025-10-26T20:00:00+00:00,TSU,22,11.0,0.0,79.048,1272,9877
1308,2025-10-26T20:00:00+00:00,ALB,23,12.0,0.0,+1 LAP,1272,9877
1309,2025-10-26T20:00:00+00:00,HAD,6,13.0,0.0,+1 LAP,1272,9877
1310,2025-10-26T20:00:00+00:00,STR,18,14.0,0.0,+1 LAP,1272,9877
1311,2025-10-26T20:00:00+00:00,GAS,10,15.0,0.0,+1 LAP,1272,9877
1312,2025-10-26T20:00:00+00:00,COL,43,16.0,0.0,+1 LAP,1272,9877
1313,2025-10-26T20:00:00+00:00,SAI,55,17.0,0.0,,1272,9877
1314,2025-10-26T20:00:00+00:00,ALO,14,,0.0,,1272,9877
1315,2025-10-26T20:00:00+00:00,HUL,27,,0.0,,1272,9877
1316,2025-10-26T20:00:00+00:00,LAW,30,,0.0,,1272,9877
1317,2025-11-09T17:00:00+00:00,NOR,4,1.0,25.0,0.0,1273,9869
1318,2025-11-09T17:00:00+00:00,ANT,12,2.0,18.0,10.388,1273,9869
1319,2025-11-09T17:00:00+00:00,VER,1,3.0,15.0,10.75,1273,9869
1320,2025-11-09T17:00:00+00:00,RUS,63,4.0,12.0,15.267,1273,9869
1321,2025-11-09T17:00:00+00:00,PIA,81,5.0,10.0,15.749,1273,9869
1322,2025-11-09T17:00:00+00:00,BEA,87,6.0,8.0,29.63,1273,9869
1323,2025-11-09T17:00:00+00:00,LAW,30,7.0,6.0,52.642,1273,9869
1324,2025-11-09T17:00:00+00:00,HAD,6,8.0,4.0,52.873,1273,9869
1325,2025-11-09T17:00:00+00:00,HUL,27,9.0,2.0,53.324,1273,9869
1326,2025-11-09T17:00:00+00:00,GAS,10,10.0,1.0,53.914,1273,9869
1327,2025-11-09T17:00:00+00:00,ALB,23,11.0,0.0,54.184,1273,9869
1328,2025-11-09T17:00:00+00:00,OCO,31,12.0,0.0,54.696,1273,9869
1329,2025-11-09T17:00:00+00:00,SAI,55,13.0,0.0,55.42,1273,9869
1330,2025-11-09T17:00:00+00:00,ALO,14,14.0,0.0,55.766,1273,9869
1331,2025-11-09T17:00:00+00:00,COL,43,15.0,0.0,57.777,1273,9869
1332,2025-11-09T17:00:00+00:00,STR,18,16.0,0.0,58.247,1273,9869
1333,2025-11-09T17:00:00+00:00,TSU,22,17.0,0.0,69.176,1273,9869
1334,2025-11-09T17:00:00+00:00,HAM,44,,0.0,,1273,9869
1335,2025-11-09T17:00:00+00:00,LEC,16,,0.0,,1273,9869
1336,2025-11-09T17:00:00+00:00,BOR,5,,0.0,,1273,9869
1337,2025-11-23T04:00:00+00:00,VER,1,1.0,25.0,0,1274,9858
1338,2025-11-23T04:00:00+00:00,RUS,63,2.0,18.0,23.546,1274,9858
1339,2025-11-23T04:00:00+00:00,ANT,12,3.0,15.0,30.488,1274,9858
1340,2025-11-23T04:00:00+00:00,LEC,16,4.0,12.0,30.678,1274,9858
1341,2025-11-23T04:00:00+00:00,SAI,55,5.0,10.0,34.924,1274,9858
1342,2025-11-23T04:00:00+00:00,HAD,6,6.0,8.0,45.257,1274,9858
1343,2025-11-23T04:00:00+00:00,HUL,27,7.0,6.0,51.134,1274,9858
1344,2025-11-23T04:00:00+00:00,HAM,44,8.0,4.0,59.369,1274,9858
1345,2025-11-23T04:00:00+00:00,OCO,31,9.0,2.0,60.635,1274,9858
1346,2025-11-23T04:00:00+00:00,BEA,87,10.0,1.0,70.549,1274,9858
1347,2025-11-23T04:00:00+00:00,ALO,14,11.0,0.0,85.308,1274,9858
1348,2025-11-23T04:00:00+00:00,TSU,22,12.0,0.0,86.974,1274,9858
1349,2025-11-23T04:00:00+00:00,GAS,10,13.0,0.0,91.702,1274,9858
1350,2025-11-23T04:00:00+00:00,LAW,30,14.0,0.0,+1 LAP,1274,9858
1351,2025-11-23T04:00:00+00:00,COL,43,15.0,0.0,+1 LAP,1274,9858
1352,2025-11-23T04:00:00+00:00,ALB,23,,0.0,,1274,9858
1353,2025-11-23T04:00:00+00:00,BOR,5,,0.0,,1274,9858
1354,2025-11-23T04:00:00+00:00,STR,18,,0.0,,1274,9858
1355,2025-11-23T04:00:00+00:00,NOR,4,,0.0,,1274,9858
1356,2025-11-23T04:00:00+00:00,PIA,81,,0.0,,1274,9858
1357,2025-11-30T16:00:00+00:00,VER,1,1.0,25.0,0,1275,9850
1358,2025-11-30T16:00:00+00:00,PIA,81,2.0,18.0,7.995,1275,9850
1359,2025-11-30T16:00:00+00:00,SAI,55,3.0,15.0,22.665,1275,9850
1360,2025-11-30T16:00:00+00:00,NOR,4,4.0,12.0,23.315,1275,9850
1361,2025-11-30T16:00:00+00:00,ANT,12,5.0,10.0,28.317,1275,9850
1362,2025-11-30T16:00:00+00:00,RUS,63,6.0,8.0,48.599,1275,9850
1363,2025-11-30T16:00:00+00:00,ALO,14,7.0,6.0,54.045,1275,9850
1364,2025-11-30T16:00:00+00:00,LEC,16,8.0,4.0,56.785,1275,9850
1365,2025-11-30T16:00:00+00:00,LAW,30,9.0,2.0,60.073,1275,9850
1366,2025-11-30T16:00:00+00:00,TSU,22,10.0,1.0,61.77,1275,9850
1367,2025-11-30T16:00:00+00:00,ALB,23,11.0,0.0,66.931,1275,9850
1368,2025-11-30T16:00:00+00:00,HAM,44,12.0,0.0,77.73,1275,9850
1369,2025-11-30T16:00:00+00:00,BOR,5,13.0,0.0,84.812,1275,9850
1370,2025-11-30T16:00:00+00:00,COL,43,14.0,0.0,+1 LAP,1275,9850
1371,2025-11-30T16:00:00+00:00,OCO,31,15.0,0.0,+1 LAP,1275,9850
1372,2025-11-30T16:00:00+00:00,GAS,10,16.0,0.0,+1 LAP,1275,9850
1373,2025-11-30T16:00:00+00:00,STR,18,17.0,0.0,,1275,9850
1374,2025-11-30T16:00:00+00:00,HAD,6,18.0,0.0,,1275,9850
1375,2025-11-30T16:00:00+00:00,BEA,87,,0.0,,1275,9850
1376,2025-11-30T16:00:00+00:00,HUL,27,,0.0,,1275,9850
1377,2025-12-07T13:00:00+00:00,VER,1,1.0,25.0,0,1276,9839
1378,2025-12-07T13:00:00+00:00,PIA,81,2.0,18.0,12.594,1276,9839
1379,2025-12-07T13:00:00+00:00,NOR,4,3.0,15.0,16.572,1276,9839
1380,2025-12-07T13:00:00+00:00,LEC,16,4.0,12.0,23.279,1276,9839
1381,2025-12-07T13:00:00+00:00,RUS,63,5.0,10.0,48.563,1276,9839
1382,2025-12-07T13:00:00+00:00,ALO,14,6.0,8.0,67.562,1276,9839
1383,2025-12-07T13:00:00+00:00,OCO,31,7.0,6.0,69.876,1276,9839
1384,2025-12-07T13:00:00+00:00,HAM,44,8.0,4.0,72.67,1276,9839
1385,2025-12-07T13:00:00+00:00,HUL,27,9.0,2.0,79.014,1276,9839
1386,2025-12-07T13:00:00+00:00,STR,18,10.0,1.0,79.523,1276,9839
1387,2025-12-07T13:00:00+00:00,BOR,5,11.0,0.0,81.043,1276,9839
1388,2025-12-07T13:00:00+00:00,BEA,87,12.0,0.0,81.166,1276,9839
1389,2025-12-07T13:00:00+00:00,SAI,55,13.0,0.0,82.158,1276,9839
1390,2025-12-07T13:00:00+00:00,TSU,22,14.0,0.0,83.794,1276,9839
1391,2025-12-07T13:00:00+00:00,ANT,12,15.0,0.0,84.399,1276,9839
1392,2025-12-07T13:00:00+00:00,ALB,23,16.0,0.0,90.327,1276,9839
1393,2025-12-07T13:00:00+00:00,HAD,6,17.0,0.0,+1 LAP,1276,9839
1394,2025-12-07T13:00:00+00:00,LAW,30,18.0,0.0,+1 LAP,1276,9839
1395,2025-12-07T13:00:00+00:00,GAS,10,19.0,0.0,+1 LAP,1276,9839
1396,2025-12-07T13:00:00+00:00,COL,43,20.0,0.0,+1 LAP,1276,9839
1397,2026-03-08T04:00:00+00:00,RUS,63,1.0,25.0,0,1279,11234
1398,2026-03-08T04:00:00+00:00,ANT,12,2.0,18.0,2.974,1279,11234
1399,2026-03-08T04:00:00+00:00,LEC,16,3.0,15.0,15.519,1279,11234
1400,2026-03-08T04:00:00+00:00,HAM,44,4.0,12.0,16.144,1279,11234
1401,2026-03-08T04:00:00+00:00,NOR,1,5.0,10.0,51.741,1279,11234
1402,2026-03-08T04:00:00+00:00,VER,3,6.0,8.0,54.617,1279,11234
1403,2026-03-08T04:00:00+00:00,BEA,87,7.0,6.0,+1 LAP,1279,11234
1404,2026-03-08T04:00:00+00:00,LIN,41,8.0,4.0,+1 LAP,1279,11234
1405,2026-03-08T04:00:00+00:00,BOR,5,9.0,2.0,+1 LAP,1279,11234
1406,2026-03-08T04:00:00+00:00,GAS,10,10.0,1.0,+1 LAP,1279,11234
1407,2026-03-08T04:00:00+00:00,OCO,31,11.0,0.0,+1 LAP,1279,11234
1408,2026-03-08T04:00:00+00:00,ALB,23,12.0,0.0,+1 LAP,1279,11234
1409,2026-03-08T04:00:00+00:00,LAW,30,13.0,0.0,+1 LAP,1279,11234
1410,2026-03-08T04:00:00+00:00,COL,43,14.0,0.0,+2 LAPS,1279,11234
1411,2026-03-08T04:00:00+00:00,SAI,55,15.0,0.0,+2 LAPS,1279,11234
1412,2026-03-08T04:00:00+00:00,PER,11,16.0,0.0,+3 LAPS,1279,11234
1413,2026-03-08T04:00:00+00:00,STR,18,,0.0,+15 LAPS,1279,11234
1414,2026-03-08T04:00:00+00:00,ALO,14,,0.0,,1279,11234
1415,2026-03-08T04:00:00+00:00,BOT,77,,0.0,,1279,11234
1416,2026-03-08T04:00:00+00:00,HAD,6,,0.0,,1279,11234
1417,2026-03-08T04:00:00+00:00,PIA,81,,0.0,,1279,11234
1418,2026-03-08T04:00:00+00:00,HUL,27,,0.0,,1279,11234
